"index","Familie","Gattung","Art","D_0__Archaea","D_0__Bacteria","D_0__Eukaryota"
"BE0503ZEBR5","Equidae","Equus","Bergzebra",422,12210,0
"BER0403PAND","Ailuridae","Ailurus","Roter_Panda",0,19439,0
"BER0403WALD","Canidae","Speothos","Waldhund",0,17137,0
"BER0403ZEBR1","Equidae","Equus","Bergzebra",56,5261,0
"BER0403ZEBR2","Equidae","Equus","Bergzebra",117,6858,0
"BER0403ZEBR3","Equidae","Equus","Bergzebra",155,6065,0
"BER0403ZEBR4","Equidae","Equus","Bergzebra",169,5789,0
"BER0403ZEBR5","Equidae","Equus","Bergzebra",402,9818,0
"BER0403ZEBR6","Equidae","Equus","Bergzebra",115,2380,0
"BER0403ZEBR7","Equidae","Equus","Bergzebra",220,16701,0
"BER0403ZEBR8","Equidae","Equus","Bergzebra",1228,18363,0
"BER0503ZEBR1","Equidae","Equus","Bergzebra",478,19263,0
"BER0503ZEBR2","Equidae","Equus","Bergzebra",1187,19421,0
"BER0503ZEBR3","Equidae","Equus","Bergzebra",597,11863,0
"BER0503ZEBR4","Equidae","Equus","Bergzebra",557,11299,0
"BER0503ZEBR6","Equidae","Equus","Bergzebra",38,3879,0
"BER0503ZEBR7","Equidae","Equus","Bergzebra",1865,10857,0
"BER0503ZEBR8","Equidae","Equus","Bergzebra",292,14327,0
"BER0603ZEBR1","Equidae","Equus","Bergzebra",83,2191,0
"BER0603ZEBR2","Equidae","Equus","Bergzebra",233,6028,0
"BER0603ZEBR3","Equidae","Equus","Bergzebra",38,4567,0
"BER0603ZEBR4","Equidae","Equus","Bergzebra",1062,18774,0
"BER0603ZEBR5","Equidae","Equus","Bergzebra",51,3511,0
"BER0603ZEBR6","Equidae","Equus","Bergzebra",60,9592,0
"BER0603ZEBR7","Equidae","Equus","Bergzebra",290,9765,0
"BER0603ZEBR8","Equidae","Equus","Bergzebra",155,12419,0
"BER0805GEPA1","Felidae","Acinonyx","Gepard",0,14609,0
"BER0805GEPA2","Felidae","Acinonyx","Gepard",0,52955,0
"BER0805LOEF1","Canidae","Otocyon","Loeffelhund",0,7263,0
"BER0805LOEF2","Canidae","Otocyon","Loeffelhund",0,6850,0
"BER0805MAEH1","Canidae","Chrysocyon","Maehnenwolf",0,11351,0
"BER0805MAEH2","Canidae","Chrysocyon","Maehnenwolf",307,15671,0
"BER0805NEBE1","Felidae","Panthera","Nebelparder",0,10494,0
"BER0805PAND1","Ailuridae","Ailurus","Roter_Panda",0,16213,0
"BER0805PAND2","Ailuridae","Ailurus","Roter_Panda",0,11848,0
"BER0805SEEL1","Felidae","Panthera","Schneeleopard",0,13266,0
"BER0805SEEL2","Felidae","Panthera","Schneeleopard",0,22417,0
"BER0805TIGA1","Felidae","Panthera","Tiger",0,8998,0
"BER0805TIGA2","Felidae","Panthera","Tiger",0,10742,0
"BER0805TIGA3","Felidae","Panthera","Tiger",0,14253,0
"BER0805TIGA4","Felidae","Panthera","Tiger",0,8601,0
"BER0805TIGA5","Felidae","Panthera","Tiger",0,8000,0
"BER0805TIGA6","Felidae","Panthera","Tiger",0,17432,0
"BER0805WALD1","Canidae","Speothos","Waldhund",0,7558,0
"BER0805WALD2","Canidae","Speothos","Waldhund",0,11126,0
"BER0805WALD3","Canidae","Speothos","Waldhund",0,14957,0
"BER0905TIGA7","Felidae","Panthera","Tiger",0,6797,0
"BER0905TIGA8","Felidae","Panthera","Tiger",0,8807,0
"BER0905TIGA9","Felidae","Panthera","Tiger",0,13611,0
"BER0905WALD10","Canidae","Speothos","Waldhund",0,4200,0
"BER0905WALD4","Canidae","Speothos","Waldhund",0,8027,0
"BER0905WALD5","Canidae","Speothos","Waldhund",0,9207,0
"BER0905WALD6","Canidae","Speothos","Waldhund",0,14135,0
"BER0905WALD7","Canidae","Speothos","Waldhund",0,3711,0
"BER0905WALD8","Canidae","Speothos","Waldhund",0,5376,0
"BER0905WALD9","Canidae","Speothos","Waldhund",192,17542,0
"BER1505GEPA2","Felidae","Acinonyx","Gepard",0,28049,0
"BER1505LEOP1","Felidae","Panthera","Leopard",0,9716,0
"BER1505LEOP2","Felidae","Panthera","Leopard",0,11053,0
"BER1505LEOP3","Felidae","Panthera","Leopard",0,14796,0
"BER1505LEOP4","Felidae","Panthera","Leopard",0,14507,0
"BER1505LOEF3","Canidae","Otocyon","Loeffelhund",0,10099,0
"BER1505PAND3","Ailuridae","Ailurus","Roter_Panda",0,14278,0
"BER1505PAND4","Ailuridae","Ailurus","Roter_Panda",0,8039,0
"BER1505SEEL3","Felidae","Panthera","Schneeleopard",0,10119,0
"BEZ0603ELEN1","Bovidae","Tragelaphus","Elenantilope",971,9961,0
"BEZ0603ELEN2","Bovidae","Tragelaphus","Elenantilope",694,4894,0
"BEZ0603ELEN3","Bovidae","Tragelaphus","Elenantilope",141,3288,0
"BEZ0603ELEN4","Bovidae","Tragelaphus","Elenantilope",207,1402,0
"BEZ0603ELEN5","Bovidae","Tragelaphus","Elenantilope",693,5174,0
"BEZ0603GIRA1","Giraffidae","Giraffa","Giraffe",813,8982,0
"BEZ0603GIRA2","Giraffidae","Giraffa","Giraffe",390,6056,0
"BEZ0603NASH1","Rhinocerotidae","Diceros","Spitzmaulnashorn",209,2200,0
"BEZ0603OKAP1","Giraffidae","Okapia","Okapi",303,6922,0
"BEZ0603OKAP2","Giraffidae","Okapia","Okapi",89,1384,0
"BEZ0603WILD1","Canidae","Lycaon","Wildhund",0,6151,0
"BEZ0603WILD2","Canidae","Lycaon","Wildhund",0,4882,0
"BEZ0603ZEBR1","Equidae","Equus","Grevyzebra",227,8529,0
"BEZ0603ZEBR2","Equidae","Equus","Grevyzebra",0,1240,0
"BEZ0603ZEBR3","Equidae","Equus","Grevyzebra",399,9219,0
"BEZ0603ZEBR4","Equidae","Equus","Grevyzebra",472,9367,0
"BEZ0603ZEBR5","Equidae","Equus","Grevyzebra",94,1990,0
"BEZ0603ZEBR6","Equidae","Equus","Grevyzebra",76,4315,0
"BEZ2505ELEN1","Bovidae","Tragelaphus","Elenantilope",1247,3929,0
"BEZ2505ELEN2","Bovidae","Tragelaphus","Elenantilope",269,4606,0
"BEZ2505ELEN3","Bovidae","Tragelaphus","Elenantilope",197,4155,0
"BEZ2505ELEN4","Bovidae","Tragelaphus","Elenantilope",710,4570,0
"BEZ2505ERDM1","Herpestidae","Suricata","Erdmaennchen",0,7124,0
"BEZ2505ERDM2","Herpestidae","Suricata","Erdmaennchen",0,12828,0
"BEZ2505NASH1","Rhinocerotidae","Diceros","Spitzmaulnashorn",461,9014,0
"BEZ2505NASH2","Rhinocerotidae","Diceros","Spitzmaulnashorn",1763,12333,0
"BEZ2505TUSI1","Bovidae","Bos","Watussi",378,12149,0
"BEZ2505TUSI2","Bovidae","Bos","Watussi",225,20538,0
"BEZ2505TUSI3","Bovidae","Bos","Watussi",92,8549,0
"BEZ2505WILD1","Canidae","Lycaon","Wildhund",0,5926,0
"BEZ2505WILD2","Canidae","Lycaon","Wildhund",0,9155,0
"BEZ2605ELEN1","Bovidae","Tragelaphus","Elenantilope",2095,17415,0
"BEZ2605ELEN2","Bovidae","Tragelaphus","Elenantilope",2745,14930,0
"BEZ2605ELEN3","Bovidae","Tragelaphus","Elenantilope",2799,11021,0
"BEZ2605ELEN4","Bovidae","Tragelaphus","Elenantilope",1677,8384,0
"BEZ2605ELEN5","Bovidae","Tragelaphus","Elenantilope",2351,18858,0
"BEZ2605ERDM1","Herpestidae","Suricata","Erdmaennchen",0,43645,0
"BEZ2605ERDM2","Herpestidae","Suricata","Erdmaennchen",0,10504,0
"BEZ2605NASH1","Rhinocerotidae","Diceros","Spitzmaulnashorn",640,10914,0
"BEZ2605NASH2","Rhinocerotidae","Diceros","Spitzmaulnashorn",2052,21856,0
"BEZ2605TUSI1","Bovidae","Bos","Watussi",827,32308,0
"BEZ2605TUSI2","Bovidae","Bos","Watussi",459,13003,0
"BEZ2605WILD1","Canidae","Lycaon","Wildhund",0,12457,0
"BEZ2605WILD2","Canidae","Lycaon","Wildhund",0,17702,0
"DAR0611FENN10","Canidae","Vulpes","Fennek",0,15857,0
"DAR0611FENN11","Canidae","Vulpes","Fennek",0,14672,0
"DAR0611FENN12","Canidae","Vulpes","Fennek",0,10411,0
"DAR0611FENN13","Canidae","Vulpes","Fennek",0,12856,0
"DAR0611FENN7","Canidae","Vulpes","Fennek",0,14090,0
"DAR0611FENN8","Canidae","Vulpes","Fennek",0,11596,0
"DAR0611FENN9","Canidae","Vulpes","Fennek",0,10656,0
"DAR3010FENN1","Canidae","Vulpes","Fennek",0,12679,0
"DAR3010FENN2","Canidae","Vulpes","Fennek",0,17347,0
"DAR3010FENN3","Canidae","Vulpes","Fennek",0,14538,0
"DAR3010FENN4","Canidae","Vulpes","Fennek",0,9729,0
"DAR3010FENN5","Canidae","Vulpes","Fennek",0,14703,0
"DAR3010FENN6","Canidae","Vulpes","Fennek",0,14684,0
"DOR0606JAGU1","Felidae","Panthera","Jaguar",0,10529,0
"DOR0606JAGU2","Felidae","Panthera","Jaguar",0,6623,0
"DOR0606LEOP1","Felidae","Panthera","Leopard",442,7142,0
"DOR0606LOEF1","Canidae","Otocyon","Loeffelhund",0,577,0
"DOR0606LOEF2","Canidae","Otocyon","Loeffelhund",0,3438,0
"DOR0606MAEH1","Canidae","Chrysocyon","Maehnenwolf",0,4491,0
"DOR0606MAEH2","Canidae","Chrysocyon","Maehnenwolf",0,7522,0
"DOR0606NEBE1","Felidae","Panthera","Nebelparder",0,11321,0
"DOR0606NEBE2","Felidae","Panthera","Nebelparder",0,6999,0
"DOR0606PAND1","Ailuridae","Ailurus","Roter_Panda",0,3566,0
"DOR0606PAND2","Ailuridae","Ailurus","Roter_Panda",0,5179,0
"DOR1306JAGU3","Felidae","Panthera","Jaguar",0,4140,0
"DOR1306JAGU4","Felidae","Panthera","Jaguar",0,3282,0
"DOR1306LEOP2","Felidae","Panthera","Leopard",106,8323,0
"DOR1306LOEF3","Canidae","Otocyon","Loeffelhund",0,3122,0
"DOR1306LOEF4","Canidae","Otocyon","Loeffelhund",0,901,0
"DOR1306LOEF5","Canidae","Otocyon","Loeffelhund",0,2427,0
"DOR1306MAEH3","Canidae","Chrysocyon","Maehnenwolf",0,9273,0
"DOR1306MAEH4","Canidae","Chrysocyon","Maehnenwolf",115,12721,0
"DOR1306NEBE3","Felidae","Panthera","Nebelparder",0,1344,0
"DOR1306NEBE4","Felidae","Panthera","Nebelparder",0,1913,0
"DOR1306PAND3","Ailuridae","Ailurus","Roter_Panda",0,5064,0
"DOR1306PAND4","Ailuridae","Ailurus","Roter_Panda",0,4413,0
"DOR1607ELEN1","Bovidae","Tragelaphus","Elenantilope",250,7478,0
"DOR1607ELEN2","Bovidae","Tragelaphus","Elenantilope",52,8110,0
"DOR1607ELEN3","Bovidae","Tragelaphus","Elenantilope",365,12317,0
"DOR1607GIRA1","Giraffidae","Giraffa","Giraffe",855,10995,0
"DOR1607GIRA2","Giraffidae","Giraffa","Giraffe",296,8118,0
"DOR1607GIRA3","Giraffidae","Giraffa","Giraffe",570,9299,0
"DOR1607RKAE1","Macropodidae","Osphranter","Riesenkaenguru",88,8434,0
"DOR1607RKAE2","Macropodidae","Osphranter","Riesenkaenguru",128,13927,0
"DOR1607RKAE3","Macropodidae","Osphranter","Riesenkaenguru",0,11769,0
"DOR1607ZEBR1","Equidae","Equus","Steppenzebra",304,10556,0
"DOR1607ZEBR2","Equidae","Equus","Steppenzebra",145,9138,0
"DOR1607ZEBR3","Equidae","Equus","Steppenzebra",123,6914,0
"DOR2702GIRA1","Giraffidae","Giraffa","Giraffe",557,11181,0
"DOR2702GIRA2","Giraffidae","Giraffa","Giraffe",176,1397,0
"DOR2702NASH1","Rhinocerotidae","Ceratotherium","Breitmaulnashorn",41,3884,0
"DOR2702NASH2","Rhinocerotidae","Ceratotherium","Breitmaulnashorn",183,7411,0
"DOR2702NASH3","Rhinocerotidae","Ceratotherium","Breitmaulnashorn",168,3983,0
"DOR2702NASH4","Rhinocerotidae","Ceratotherium","Breitmaulnashorn",117,6521,0
"DOR2702ZEBR1","Equidae","Equus","Steppenzebra",157,10175,0
"DOR2702ZEBR2","Equidae","Equus","Steppenzebra",989,8429,0
"DOR2702ZEBR3","Equidae","Equus","Steppenzebra",135,7740,0
"DUI0406EISF1","Canidae","Vulpes","Eisfuchs",0,1298,0
"DUI0406EISF2","Canidae","Vulpes","Eisfuchs",0,7718,0
"DUI0406LOEW1","Felidae","Panthera","Loewe",0,8704,0
"DUI0406LOEW2","Felidae","Panthera","Loewe",0,7579,0
"DUI0406NEBE1","Felidae","Panthera","Nebelparder",0,3688,0
"DUI0406NEBE2","Felidae","Panthera","Nebelparder",0,8566,0
"DUI0406PAND1","Ailuridae","Ailurus","Roter_Panda",0,7275,0
"DUI0406PAND2","Ailuridae","Ailurus","Roter_Panda",0,5566,0
"DUI0406TIGA1","Felidae","Panthera","Tiger",0,2070,0
"DUI0406TIGA2","Felidae","Panthera","Tiger",0,4760,0
"DUI0406TIGA3","Felidae","Panthera","Tiger",0,10736,0
"DUI0406WILD1","Canidae","Lycaon","Wildhund",0,9494,0
"DUI0711BONG1","Bovidae","Tragelaphus","Bongo",0,11151,0
"DUI0711BONG2","Bovidae","Tragelaphus","Bongo",0,6050,0
"DUI0811BENN1","Macropodidae","Notamacropus","Bennettkaenguru",0,8242,0
"DUI0811BENN2","Macropodidae","Notamacropus","Bennettkaenguru",247,5239,0
"DUI0811BERG1","Macropodidae","Osphranter","Bergkaenguru",91,6744,0
"DUI0811BERG2","Macropodidae","Osphranter","Bergkaenguru",25,4213,0
"DUI0811GIRA1","Giraffidae","Giraffa","Giraffe",32,2127,0
"DUI0811GIRA2","Giraffidae","Giraffa","Giraffe",0,4957,0
"DUI0811KOLA1","Phascolarctidae","Phascolartos","Koala",0,15448,0
"DUI0811KOLA2","Phascolarctidae","Phascolartos","Koala",0,19461,0
"DUI0811KOLA3","Phascolarctidae","Phascolartos","Koala",0,19287,0
"DUI0811KOLA4","Phascolarctidae","Phascolartos","Koala",0,31898,0
"DUI0811KOLA5","Phascolarctidae","Phascolartos","Koala",0,14853,0
"DUI0811KOLA6","Phascolarctidae","Phascolartos","Koala",0,16725,0
"DUI0811SUMF1","Macropodidae","Wallabia","Sumpfwallaby",45,4482,0
"DUI0811SUMF2","Macropodidae","Wallabia","Sumpfwallaby",56,4586,0
"DUI0811TEUF1","Dasyuridae","Sarcophilus","Beutelteufel",0,5034,0
"DUI0811TEUF2","Dasyuridae","Sarcophilus","Beutelteufel",0,9535,0
"DUI0811TUSI1","Bovidae","Bos","Watussi",96,4829,0
"DUI0811TUSI2","Bovidae","Bos","Watussi",57,3366,0
"DUI0811TUSI3","Bovidae","Bos","Watussi",161,1905,0
"DUI0811WOMB1","Vombatidae","Vombatus","Wombat",496,14114,0
"DUI0811WOMB2","Vombatidae","Vombatus","Wombat",283,9351,0
"DUI0811WOMB3","Vombatidae","Vombatus","Wombat",124,7814,0
"DUI0811WOMB4","Vombatidae","Vombatus","Wombat",410,9276,0
"DUI1010KUOT1","Mustelidae","Aonyx","Kurzkrallenotter",0,11227,0
"DUI1010NASH1","Rhinocerotidae","Ceratotherium","Breitmaulnashorn",191,12496,0
"DUI1010PINS1","Suidae","Potamochoerus","Pinselohrschwein",548,12728,0
"DUI1010RENT1","Cervidae","Rangifer","Rentier",38,7669,0
"DUI1106EISF3","Canidae","Vulpes","Eisfuchs",0,6252,0
"DUI1106EISF4","Canidae","Vulpes","Eisfuchs",0,2094,0
"DUI1106LOEW3","Felidae","Panthera","Loewe",0,7117,0
"DUI1106LOEW4","Felidae","Panthera","Loewe",0,7154,0
"DUI1106NEBE3","Felidae","Panthera","Nebelparder",0,4047,0
"DUI1106NEBE4","Felidae","Panthera","Nebelparder",0,1153,0
"DUI1106PAND3","Ailuridae","Ailurus","Roter_Panda",0,2097,0
"DUI1106PAND4","Ailuridae","Ailurus","Roter_Panda",0,11150,0
"DUI1106TIGA4","Felidae","Panthera","Tiger",0,3683,0
"DUI1106TIGA5","Felidae","Panthera","Tiger",0,7170,0
"DUI1106WILD2","Canidae","Lycaon","Wildhund",0,16202,0
"DUI1106WILD3","Canidae","Lycaon","Wildhund",0,3008,0
"DUI1607ELEF1","Elephantidae","Loxodonta","AfrikElefant",224,12855,0
"DUI1607ELEF2","Elephantidae","Loxodonta","AfrikElefant",204,13155,0
"DUI1607ELEF3","Elephantidae","Loxodonta","AfrikElefant",146,9759,0
"DUI1607FOSA1","Felidae","Cryptoprocta","Fossa",0,17086,0
"DUI1607FOSA2","Felidae","Cryptoprocta","Fossa",0,14233,0
"DUI1607FOSA3","Felidae","Cryptoprocta","Fossa",0,14908,0
"DUI1607KOLA1","Phascolarctidae","Phascolartos","Koala",38,23699,0
"DUI1607KOLA2","Phascolarctidae","Phascolartos","Koala",0,27772,0
"DUI1607ORAN1","Homininae","Pongo","Orang-Utan",807,12505,0
"DUI1607ORAN2","Homininae","Pongo","Orang-Utan",490,15414,0
"DUI1607TAPI1","Tapiridae","Tapirus","Tapir",373,24819,0
"DUI1607TAPI2","Tapiridae","Tapirus","Tapir",465,15512,0
"DUI1607TEUF1","Dasyuridae","Sarcophilus","Beutelteufel",0,16499,0
"DUI1607TEUF2","Dasyuridae","Sarcophilus","Beutelteufel",0,16724,0
"DUI1607TEUF3","Dasyuridae","Sarcophilus","Beutelteufel",0,20332,0
"FRA0107LOEW3","Felidae","Panthera","Loewe",0,9065,0
"FRA0207FENN3","Canidae","Vulpes","Fennek",20,3263,0
"FRA0207FENN4","Canidae","Vulpes","Fennek",38,2271,0
"FRA0207LOEW4","Felidae","Panthera","Loewe",0,9150,0
"FRA0207LOEW5","Felidae","Panthera","Loewe",0,11982,0
"FRA0207LOEW6","Felidae","Panthera","Loewe",0,8649,0
"FRA0207WALD10","Canidae","Speothos","Waldhund",0,9341,0
"FRA0207WALD9","Canidae","Speothos","Waldhund",0,11334,0
"FRA0207WILD4","Canidae","Lycaon","Wildhund",0,3013,0
"FRA0207WILD5","Canidae","Lycaon","Wildhund",0,10599,0
"FRA0207WILD6","Canidae","Lycaon","Wildhund",0,5448,0
"FRA0507GGLA1","Callitrichidae","Leontopithecus","Loewenaffe",44,40614,0
"FRA0507GGLA2","Callitrichidae","Leontopithecus","Loewenaffe",106,17795,0
"FRA0507GGLA3","Callitrichidae","Leontopithecus","Loewenaffe",0,22806,0
"FRA0507GIRA1","Giraffidae","Giraffa","Giraffe",110,9102,0
"FRA0507GIRA2","Giraffidae","Giraffa","Giraffe",28,11115,0
"FRA0507GORI1","Homininae","Gorilla","Gorilla",1050,26905,0
"FRA0507GORI2","Homininae","Gorilla","Gorilla",1048,18826,0
"FRA0507OKAP1","Giraffidae","Okapia","Okapi",13,10393,0
"FRA0507OKAP2","Giraffidae","Okapia","Okapi",440,17138,0
"FRA0507OKAP3","Giraffidae","Okapia","Okapi",488,12648,0
"FRA1411BONG1","Bovidae","Tragelaphus","Bongo",136,27338,0
"FRA1411BONG2","Bovidae","Tragelaphus","Bongo",72,16507,0
"FRA1411FENN5","Canidae","Vulpes","Fennek",0,16598,0
"FRA1411GIRA1","Giraffidae","Giraffa","Giraffe",14,4291,0
"FRA1411GIRA2","Giraffidae","Giraffa","Giraffe",124,12595,0
"FRA1411ROST1","Felidae","Prionailurus","Rostkatze",0,13960,0
"FRA1411ROST11","Felidae","Prionailurus","Rostkatze",0,32200,0
"FRA1411ROST12","Felidae","Prionailurus","Rostkatze",0,12520,0
"FRA1411ROST14","Felidae","Prionailurus","Rostkatze",0,32062,0
"FRA1411ROST15","Felidae","Prionailurus","Rostkatze",0,18081,0
"FRA1411ROST2","Felidae","Prionailurus","Rostkatze",0,10893,0
"FRA1411ROST3","Felidae","Prionailurus","Rostkatze",0,7803,0
"FRA1411ROST4","Felidae","Prionailurus","Rostkatze",0,9318,0
"FRA1411ROST5","Felidae","Prionailurus","Rostkatze",0,8611,0
"FRA1411ROST6","Felidae","Prionailurus","Rostkatze",0,9986,0
"FRA1411ROST7","Felidae","Prionailurus","Rostkatze",0,52055,0
"FRA1411ROST8","Felidae","Prionailurus","Rostkatze",0,34535,0
"FRA1411ROST9","Felidae","Prionailurus","Rostkatze",0,29030,0
"FRA1411TRAM1","Camelidae","Camelus","Trampeltier",223,7916,0
"FRA1411TRAM2","Camelidae","Camelus","Trampeltier",548,26657,0
"FRA1411WALD11","Canidae","Speothos","Waldhund",0,13999,0
"FRA1411WILD10","Canidae","Lycaon","Wildhund",0,15731,0
"FRA1411WILD11","Canidae","Lycaon","Wildhund",0,12056,0
"FRA1411WILD7","Canidae","Lycaon","Wildhund",0,13754,0
"FRA1411WILD8","Canidae","Lycaon","Wildhund",0,14152,0
"FRA1411WILD9","Canidae","Lycaon","Wildhund",0,20404,0
"FRA1411ZEBR1","Equidae","Equus","Grevyzebra",0,3292,0
"FRA1411ZEBR2","Equidae","Equus","Grevyzebra",0,5257,0
"FRA1807KANI1","Leporidae","Oryctolagus","Kaninchen",0,53010,0
"FRA2506FENN1","Canidae","Vulpes","Fennek",0,8323,0
"FRA2506FENN2","Canidae","Vulpes","Fennek",51,5362,0
"FRA2506TIGA1","Felidae","Panthera","Tiger",115,14242,0
"FRA2506TIGA2","Felidae","Panthera","Tiger",0,11387,0
"FRA2506WALD1","Canidae","Speothos","Waldhund",0,11982,0
"FRA2506WALD2","Canidae","Speothos","Waldhund",0,67153,0
"FRA2506WILD1","Canidae","Lycaon","Wildhund",0,1848,0
"FRA2506WILD2","Canidae","Lycaon","Wildhund",0,2478,0
"FRA2506WILD3","Canidae","Lycaon","Wildhund",0,2001,0
"FRA2508KANI1","Leporidae","Oryctolagus","Kaninchen",0,20848,0
"FRA2508KANI2","Leporidae","Oryctolagus","Kaninchen",0,12284,0
"FRA2606TIGA3","Felidae","Panthera","Tiger",0,14940,0
"FRA2606TIGA4","Felidae","Panthera","Tiger",0,7252,0
"FRA2606WALD3","Canidae","Speothos","Waldhund",0,7608,0
"FRA2606WALD4","Canidae","Speothos","Waldhund",0,8518,0
"FRA2706TIGA5","Felidae","Panthera","Tiger",0,11564,0
"FRA2706TIGA6","Felidae","Panthera","Tiger",0,9863,0
"FRA2806TIGA7","Felidae","Panthera","Tiger",0,12334,0
"FRA2806TIGA8","Felidae","Panthera","Tiger",0,6104,0
"FRA2806WALD5","Canidae","Speothos","Waldhund",0,13494,0
"FRA2806WALD6","Canidae","Speothos","Waldhund",0,6456,0
"FRA2906TIGA9","Felidae","Panthera","Tiger",111,16169,0
"FRA2906WALD7","Canidae","Speothos","Waldhund",0,9852,0
"FRA2906WALD8","Canidae","Speothos","Waldhund",0,7408,0
"FRA3006LOEW1","Felidae","Panthera","Loewe",0,3721,0
"FRA3006LOEW2","Felidae","Panthera","Loewe",0,10292,0
"FRA3007KANI1","Leporidae","Oryctolagus","Kaninchen",0,22401,0
"FRA3007KANI2","Leporidae","Oryctolagus","Kaninchen",0,15179,0
"GEL0910BRAU1","Ursidae","Ursus","Braunbaer",0,18940,0
"GEL0910BRAU2","Ursidae","Ursus","Braunbaer",0,7718,0
"GEL0910BRAU3","Ursidae","Ursus","Braunbaer",0,25836,0
"GEL0910BRAU4","Ursidae","Ursus","Braunbaer",0,14372,0
"GEL0910EISB1","Ursidae","Ursus","Eisbaer",0,9919,0
"GEL0910EISB2","Ursidae","Ursus","Eisbaer",0,31770,0
"GEL0910EISB3","Ursidae","Ursus","Eisbaer",0,26777,0
"GEL0910ERDM1","Herpestidae","Suricata","Erdmaennchen",0,15129,0
"GEL0910ERDM2","Herpestidae","Suricata","Erdmaennchen",0,13564,0
"GEL0910ERDM3","Herpestidae","Suricata","Erdmaennchen",0,9337,0
"GEL0910FLUS1","Hippopotamidae","Hippopotamus","Flusspferd",26,12550,0
"GEL0910FLUS2","Hippopotamidae","Hippopotamus","Flusspferd",37,9730,0
"GEL0910FLUS3","Hippopotamidae","Hippopotamus","Flusspferd",145,8741,0
"GEL0910IMPA1","Bovidae","Aepyceros","Impala",345,7133,0
"GEL0910IMPA2","Bovidae","Aepyceros","Impala",109,4312,0
"GEL0910IMPA3","Bovidae","Aepyceros","Impala",325,10347,0
"GEL0910IMPA4","Bovidae","Aepyceros","Impala",0,2119,0
"GEL0910KAMT1","Ursidae","Ursus","Braunbaer",0,18146,0
"GEL0910KAMT2","Ursidae","Ursus","Braunbaer",0,9483,0
"GEL0910KAMT3","Ursidae","Ursus","Braunbaer",0,13269,0
"GEL0910KUOT1","Mustelidae","Aonyx","Kurzkrallenotter",0,21652,0
"GEL0910KUOT2","Mustelidae","Aonyx","Kurzkrallenotter",0,21595,0
"GEL0910KUOT3","Mustelidae","Aonyx","Kurzkrallenotter",0,19062,0
"GEL0910NASH1","Rhinocerotidae","Ceratotherium","Breitmaulnashorn",261,22586,0
"GEL0910NASH2","Rhinocerotidae","Ceratotherium","Breitmaulnashorn",501,9438,0
"GEL0910ORAN2","Homininae","Pongo","Orang-Utan",923,18658,0
"GEL0910RENT1","Cervidae","Rangifer","Rentier",499,16317,0
"GEL0910RENT2","Cervidae","Rangifer","Rentier",404,10450,0
"GEL0910RENT3","Cervidae","Rangifer","Rentier",201,9607,0
"GEL1707GIRA1","Giraffidae","Giraffa","Giraffe",282,7913,0
"GEL1707GIRA2","Giraffidae","Giraffa","Giraffe",320,7730,0
"GEL1707GIRA3","Giraffidae","Giraffa","Giraffe",495,7996,0
"GEL1707GIRA4","Giraffidae","Giraffa","Giraffe",551,9665,0
"GEL1707GIRA5","Giraffidae","Giraffa","Giraffe",220,7999,0
"GEL1707GIRA6","Giraffidae","Giraffa","Giraffe",380,7606,0
"GEL1707GIRA7","Giraffidae","Giraffa","Giraffe",517,7266,0
"GEL1707GIRA8","Giraffidae","Giraffa","Giraffe",651,13556,0
"GEL1707NASH1","Rhinocerotidae","Ceratotherium","Breitmaulnashorn",350,13616,0
"GEL1707NASH2","Rhinocerotidae","Ceratotherium","Breitmaulnashorn",207,16147,0
"GEL1707NASH3","Rhinocerotidae","Ceratotherium","Breitmaulnashorn",946,22416,0
"HEI0208TIGRW","Felidae","Panthera","Tiger",0,5884,0
"HEI0911BAER1","Ursidae","Ursus","Braunbaer",0,28030,0
"HEI0911BAER2","Ursidae","Ursus","Braunbaer",0,8288,0
"HEI1011BAER1","Ursidae","Ursus","Braunbaer",0,28550,0
"HEI1011BAER2","Ursidae","Ursus","Braunbaer",0,18949,0
"HEI1111BAER1","Ursidae","Ursus","Braunbaer",0,15765,0
"HEI1111BAER2","Ursidae","Ursus","Braunbaer",0,15682,0
"HEI1206TIGA1","Felidae","Panthera","Tiger",0,16283,0
"HEI1206TIGA2","Felidae","Panthera","Tiger",0,15656,0
"HEI1211BAER1","Ursidae","Ursus","Braunbaer",0,17145,0
"HEI1211BAER2","Ursidae","Ursus","Braunbaer",0,51050,0
"HEI1311BAER1","Ursidae","Ursus","Braunbaer",0,14876,0
"HEI1311BAER2","Ursidae","Ursus","Braunbaer",0,18597,0
"HEI1411BAER1","Ursidae","Ursus","Braunbaer",0,13557,0
"HEI1411BAER2","Ursidae","Ursus","Braunbaer",0,22847,0
"HEI1511BAER1","Ursidae","Ursus","Braunbaer",0,10630,0
"HEI1511BAER2","Ursidae","Ursus","Braunbaer",0,14097,0
"HEI1611BAER2","Ursidae","Ursus","Braunbaer",0,14944,0
"HEI1710BAERW","Ursidae","Ursus","Braunbaer",0,5767,0
"HEI1908BAERK","Ursidae","Ursus","Braunbaer",0,8490,0
"HEI2002ZEBR1","Equidae","Equus","Steppenzebra",39,1826,0
"HEI2002ZEBR2","Equidae","Equus","Steppenzebra",196,9880,0
"HEI2002ZEBR3","Equidae","Equus","Steppenzebra",164,3096,0
"KLN1707GIRA1","Giraffidae","Giraffa","Giraffe",143,11342,0
"KLN1707GIRA2","Giraffidae","Giraffa","Giraffe",298,12832,0
"KLN1707GIRA3","Giraffidae","Giraffa","Giraffe",148,13431,0
"KLN1707GIRA4","Giraffidae","Giraffa","Giraffe",397,22352,0
"KLN1707OKAP1","Giraffidae","Okapia","Okapi",385,23721,0
"KLN1707OKAP2","Giraffidae","Okapia","Okapi",432,18333,0
"KLN1707OKAP3","Giraffidae","Okapia","Okapi",843,27702,0
"KLN1707ORAN1","Homininae","Pongo","Orang-Utan",171,15913,41
"KLN1707ORAN2","Homininae","Pongo","Orang-Utan",304,17045,77
"KLN1707VARI1","Lemuridae","Varecia","Vari",325,22687,0
"KLN1707VARI2","Lemuridae","Varecia","Vari",1186,20256,0
"KLN1805ZEBR1","Equidae","Equus","Grevyzebra",174,10235,0
"KLN1805ZEBR2","Equidae","Equus","Grevyzebra",292,9433,0
"KLN1805ZEBR3","Equidae","Equus","Grevyzebra",446,11552,0
"KLN1905ERDM1","Herpestidae","Suricata","Erdmaennchen",0,18190,0
"KLN1905ERDM2","Herpestidae","Suricata","Erdmaennchen",0,16565,0
"KLN1905NASH1","Rhinocerotidae","Diceros","Spitzmaulnashorn",182,22577,0
"KLN1905ZEBR1","Equidae","Equus","Grevyzebra",158,13726,0
"KLN1905ZEBR2","Equidae","Equus","Grevyzebra",264,15038,0
"KLN2005ERDM1","Herpestidae","Suricata","Erdmaennchen",0,11667,0
"KLN2005ERDM2","Herpestidae","Suricata","Erdmaennchen",0,11866,0
"KLN2005NASH1","Rhinocerotidae","Diceros","Spitzmaulnashorn",535,14809,0
"KLN2005NASH2","Rhinocerotidae","Diceros","Spitzmaulnashorn",258,15682,0
"KLN2802FLUS1","Hippopotamidae","Hippopotamus","Flusspferd",298,9942,0
"KLN2802FLUS2","Hippopotamidae","Hippopotamus","Flusspferd",1251,15467,0
"KLN2802FLUS3","Hippopotamidae","Hippopotamus","Flusspferd",711,10155,0
"KLN2802FLUS4","Hippopotamidae","Hippopotamus","Flusspferd",579,9631,0
"KLN2802FLUS5","Hippopotamidae","Hippopotamus","Flusspferd",558,9059,0
"KLN2802GORI1","Homininae","Gorilla","Gorilla",559,6535,0
"KLN2802GORI2","Homininae","Gorilla","Gorilla",900,8367,0
"KLN2802GORI3","Homininae","Gorilla","Gorilla",491,10096,0
"KLN2802GORI4","Homininae","Gorilla","Gorilla",884,8334,0
"KLN2802IMPA1","Bovidae","Aepyceros","Impala",305,1694,0
"KLN2802IMPA2","Bovidae","Aepyceros","Impala",287,3148,0
"KLN2802IMPA3","Bovidae","Aepyceros","Impala",556,4138,0
"KLN2802IMPA4","Bovidae","Aepyceros","Impala",279,2420,0
"KLN2802IMPA5","Bovidae","Aepyceros","Impala",524,2968,0
"KLN2802PINS1","Suidae","Potamochoerus","Pinselohrschwein",362,12197,0
"KLN2802PINS2","Suidae","Potamochoerus","Pinselohrschwein",787,8139,0
"KLN2802PINS3","Suidae","Potamochoerus","Pinselohrschwein",581,17301,0
"KLN2802PINS4","Suidae","Potamochoerus","Pinselohrschwein",520,15310,0
"KLN2802PINS5","Suidae","Potamochoerus","Pinselohrschwein",577,6804,0
"KLN2802TIGA1","Felidae","Panthera","Tiger",0,28442,0
"KLN2802TIGA2","Felidae","Panthera","Tiger",0,17140,0
"KLN2802TIGA4","Felidae","Panthera","Tiger",0,27950,0
"KLN2802TIGA5","Felidae","Panthera","Tiger",0,27565,0
"KLN2802TRAM1","Camelidae","Camelus","Trampeltier",196,3695,0
"KLN2802TRAM2","Camelidae","Camelus","Trampeltier",782,4373,0
"KLN2802TRAM3","Camelidae","Camelus","Trampeltier",609,3736,0
"KRE0706GEPA1","Felidae","Acinonyx","Gepard",0,2150,0
"KRE0706GEPA2","Felidae","Acinonyx","Gepard",0,4094,0
"KRE0706GEPA3","Felidae","Acinonyx","Gepard",0,6888,0
"KRE0706GEPA4","Felidae","Acinonyx","Gepard",0,1712,0
"KRE0706JAGU1","Felidae","Panthera","Jaguar",0,4230,0
"KRE0706JAGU2","Felidae","Panthera","Jaguar",0,4181,0
"KRE0706JAGU3","Felidae","Panthera","Jaguar",0,3602,0
"KRE0706JAGU4","Felidae","Panthera","Jaguar",0,4827,0
"KRE0706LOEF1","Canidae","Otocyon","Loeffelhund",0,5901,0
"KRE0706LOEF2","Canidae","Otocyon","Loeffelhund",0,1559,0
"KRE0706LOEF3","Canidae","Otocyon","Loeffelhund",0,4531,0
"KRE0706PAND1","Ailuridae","Ailurus","Roter_Panda",0,9958,0
"KRE0706PAND2","Ailuridae","Ailurus","Roter_Panda",0,9722,0
"KRE0706PAND3","Ailuridae","Ailurus","Roter_Panda",0,5719,0
"KRE0706SEEL1","Felidae","Panthera","Schneeleopard",0,6460,0
"KRE0706SEEL2","Felidae","Panthera","Schneeleopard",0,7996,0
"KRE0706SEEL3","Felidae","Panthera","Schneeleopard",0,6255,0
"KRE0706SEEL4","Felidae","Panthera","Schneeleopard",0,8913,0
"KRE1306GEPA3","Felidae","Acinonyx","Gepard",0,7177,0
"KRE1306GEPA4","Felidae","Acinonyx","Gepard",0,6114,0
"KRE1406JAGU5","Felidae","Panthera","Jaguar",0,4257,0
"KRE1406JAGU6","Felidae","Panthera","Jaguar",0,3512,0
"KRE1406JAGU7","Felidae","Panthera","Jaguar",0,2041,0
"KRE1406LOEF4","Canidae","Otocyon","Loeffelhund",0,2008,0
"KRE1406PAND4","Ailuridae","Ailurus","Roter_Panda",0,11335,0
"KRE1406SEEL5","Felidae","Panthera","Schneeleopard",0,13493,0
"KRE1406SEEL6","Felidae","Panthera","Schneeleopard",0,16407,0
"LAN0108GNUS1","Bovidae","Connochaetes","Gnu",3576,31139,0
"LAN0108GNUS2","Bovidae","Connochaetes","Gnu",1131,9428,0
"LAN0108GNUS3","Bovidae","Connochaetes","Gnu",1597,12349,0
"LAN0108ZEBR1","Equidae","Equus","Bergzebra",561,6794,0
"LAN0108ZEBR2","Equidae","Equus","Bergzebra",1892,11864,0
"LAN0208GNUS1","Bovidae","Connochaetes","Gnu",3358,19304,0
"LAN0208GNUS2","Bovidae","Connochaetes","Gnu",846,4989,0
"LAN0208GNUS3","Bovidae","Connochaetes","Gnu",501,11864,0
"LAN0208ZEBR1","Equidae","Equus","Bergzebra",1208,20290,0
"LAN0208ZEBR2","Equidae","Equus","Bergzebra",1101,23344,0
"LAN0305GEPA3","Felidae","Acinonyx","Gepard",0,1952,0
"LAN0305GEPA4","Felidae","Acinonyx","Gepard",0,2284,0
"LAN0305TIGA2","Felidae","Panthera","Tiger",0,3374,0
"LAN0305WALD1","Canidae","Speothos","Waldhund",0,5770,0
"LAN0308GNUS1","Bovidae","Connochaetes","Gnu",938,8983,0
"LAN0308GNUS2","Bovidae","Connochaetes","Gnu",1652,17029,0
"LAN0308GNUS3","Bovidae","Connochaetes","Gnu",575,4111,0
"LAN0308ZEBR1","Equidae","Equus","Bergzebra",324,8524,0
"LAN0308ZEBR2","Equidae","Equus","Bergzebra",276,8216,0
"LAN0606GNUS1","Bovidae","Connochaetes","Gnu",465,47730,0
"LAN0606GNUS2","Bovidae","Connochaetes","Gnu",113,13677,0
"LAN0606GNUS3","Bovidae","Connochaetes","Gnu",249,18694,0
"LAN0606GNUS4","Bovidae","Connochaetes","Gnu",127,13541,0
"LAN1312GNUS1","Bovidae","Connochaetes","Gnu",1157,23653,0
"LAN1312GNUS2","Bovidae","Connochaetes","Gnu",393,11156,0
"LAN1312ZEBR1","Equidae","Equus","Bergzebra",39,4077,0
"LAN1312ZEBR2","Equidae","Equus","Bergzebra",0,696,0
"LAN1412GNUS1","Bovidae","Connochaetes","Gnu",1722,33391,0
"LAN1412GNUS2","Bovidae","Connochaetes","Gnu",1256,15928,0
"LAN1412ZEBR1","Equidae","Equus","Bergzebra",225,3893,0
"LAN1412ZEBR2","Equidae","Equus","Bergzebra",44,3739,0
"LAN1511ZEBR1","Equidae","Equus","Bergzebra",219,2423,0
"LAN1511ZEBR2","Equidae","Equus","Bergzebra",0,1559,0
"LAN1512GEPA2","Felidae","Acinonyx","Gepard",0,24064,0
"LAN1512GNUS1","Bovidae","Connochaetes","Gnu",279,4983,0
"LAN1512GNUS2","Bovidae","Connochaetes","Gnu",2979,31364,0
"LAN1612GEPA1","Felidae","Acinonyx","Gepard",0,21495,0
"LAN1612GNUS1","Bovidae","Connochaetes","Gnu",445,4608,0
"LAN1612GNUS2","Bovidae","Connochaetes","Gnu",552,4949,0
"LAN1612ZEBR1","Equidae","Equus","Bergzebra",96,1797,0
"LAN1612ZEBR2","Equidae","Equus","Bergzebra",54,1189,0
"LAN1711ZEBR1","Equidae","Equus","Bergzebra",93,4799,0
"LAN1711ZEBR2","Equidae","Equus","Bergzebra",0,676,0
"LAN1712GEPA2","Felidae","Acinonyx","Gepard",0,50270,0
"LAN1712GNUS1","Bovidae","Connochaetes","Gnu",214,3380,0
"LAN1712GNUS2","Bovidae","Connochaetes","Gnu",633,7071,0
"LAN1712TIGA1","Felidae","Panthera","Tiger",0,19809,0
"LAN1811ZEBR1","Equidae","Equus","Bergzebra",91,3202,0
"LAN1811ZEBR2","Equidae","Equus","Bergzebra",0,7744,0
"LAN1812GEPA1","Felidae","Acinonyx","Gepard",0,7851,0
"LAN1812GNUS1","Bovidae","Connochaetes","Gnu",1134,10542,0
"LAN1812GNUS2","Bovidae","Connochaetes","Gnu",547,7746,0
"LAN1812TIGA2","Felidae","Panthera","Tiger",0,25758,0
"LAN1911ZEBR1","Equidae","Equus","Bergzebra",117,4847,0
"LAN1911ZEBR2","Equidae","Equus","Bergzebra",19,6645,0
"LAN1912GNUS1","Bovidae","Connochaetes","Gnu",493,7291,0
"LAN1912GNUS2","Bovidae","Connochaetes","Gnu",3789,47948,0
"LAN1912TIGA1","Felidae","Panthera","Tiger",0,24295,0
"LAN2011ZEBR1","Equidae","Equus","Bergzebra",0,1301,0
"LAN2011ZEBR2","Equidae","Equus","Bergzebra",432,7665,0
"LAN2012GNUS1","Bovidae","Connochaetes","Gnu",281,6861,0
"LAN2012GNUS2","Bovidae","Connochaetes","Gnu",317,5114,0
"LAN2604FENN1","Canidae","Vulpes","Fennek",0,8198,0
"LAN2604FENN2","Hippopotamidae","Hippopotamus","Fennek",0,10039,0
"LAN2604GEPA1","Felidae","Acinonyx","Gepard",0,816,0
"LAN2604GEPA2","Felidae","Acinonyx","Gepard",0,2068,0
"LAN2604TIGA1","Felidae","Panthera","Tiger",0,5171,0
"LAN2604WALD2","Canidae","Speothos","Waldhund",0,4311,0
"LAN2707GNUS1","Bovidae","Connochaetes","Gnu",1144,12167,0
"LAN2707GNUS2","Bovidae","Connochaetes","Gnu",492,7409,0
"LAN2707GNUS3","Bovidae","Connochaetes","Gnu",1152,9815,0
"LAN2707ZEBR1","Equidae","Equus","Bergzebra",390,14747,0
"LAN2707ZEBR2","Equidae","Equus","Bergzebra",406,12132,0
"LAN2807GNUS1","Bovidae","Connochaetes","Gnu",659,6585,0
"LAN2807GNUS2","Bovidae","Connochaetes","Gnu",863,10613,0
"LAN2807GNUS3","Bovidae","Connochaetes","Gnu",675,5899,0
"LAN2807ZEBR1","Equidae","Equus","Bergzebra",904,16716,0
"LAN2807ZEBR2","Equidae","Equus","Bergzebra",137,5967,0
"LAN2907GNUS1","Bovidae","Connochaetes","Gnu",1287,10147,0
"LAN2907GNUS2","Bovidae","Connochaetes","Gnu",637,7925,0
"LAN2907GNUS3","Bovidae","Connochaetes","Gnu",1165,8847,0
"LAN2907ZEBR1","Equidae","Equus","Bergzebra",686,10404,0
"LAN2907ZEBR2","Equidae","Equus","Bergzebra",229,4498,0
"LAN3007GNUS1","Bovidae","Connochaetes","Gnu",2069,8020,0
"LAN3007GNUS2","Bovidae","Connochaetes","Gnu",1868,10690,0
"LAN3007GNUS3","Bovidae","Connochaetes","Gnu",1895,11059,0
"LAN3007ZEBR1","Equidae","Equus","Bergzebra",1207,11663,0
"LAN3007ZEBR2","Equidae","Equus","Bergzebra",2399,20465,0
"LAN3107GNUS1","Bovidae","Connochaetes","Gnu",1627,11393,0
"LAN3107GNUS2","Bovidae","Connochaetes","Gnu",1349,12300,0
"LAN3107GNUS3","Bovidae","Connochaetes","Gnu",2011,17384,0
"LAN3107ZEBR1","Equidae","Equus","Bergzebra",876,17439,0
"LAN3107ZEBR2","Equidae","Equus","Bergzebra",296,14226,0
"LEI2602NASH1","Rhinocerotidae","Diceros","Spitzmaulnashorn",274,7645,0
"LEI2602NASH2","Rhinocerotidae","Diceros","Spitzmaulnashorn",127,2384,0
"LEI2602OKAP1","Giraffidae","Okapia","Okapi",397,23610,0
"LEI2602OKAP2","Giraffidae","Okapia","Okapi",327,11198,0
"LEI2602ZEBR","Equidae","Equus","Grevyzebra",11,13340,0
"NEU0405GEPA4","Felidae","Acinonyx","Gepard",0,5945,0
"NEU0405GEPA5","Felidae","Acinonyx","Gepard",0,2359,0
"NEU0405LOEW10","Felidae","Panthera","Loewe",0,8884,0
"NEU0405LOEW6","Felidae","Panthera","Loewe",0,10613,0
"NEU0405LOEW7","Felidae","Panthera","Loewe",0,11498,0
"NEU0405LOEW8","Felidae","Panthera","Loewe",0,8582,0
"NEU0405MAEH4","Canidae","Chrysocyon","Maehnenwolf",0,6907,0
"NEU0405MAEH5","Canidae","Chrysocyon","Maehnenwolf",0,9496,0
"NEU0405PAND1","Ailuridae","Ailurus","Roter_Panda",0,8977,0
"NEU0405PAND2","Ailuridae","Ailurus","Roter_Panda",0,6829,0
"NEU0501TRAM1","Camelidae","Camelus","Trampeltier",44,7119,0
"NEU0501TRAM2","Camelidae","Camelus","Trampeltier",380,9293,0
"NEU0501TRAM3","Camelidae","Camelus","Trampeltier",289,7712,0
"NEU0501TRAM4","Camelidae","Camelus","Trampeltier",60,8935,0
"NEU0501TRAM5","Camelidae","Camelus","Trampeltier",337,7894,0
"NEU0501VARI1","Lemuridae","Varecia","Vari",0,22784,0
"NEU0501VARI2","Lemuridae","Varecia","Vari",0,31053,0
"NEU0501VARI3","Lemuridae","Varecia","Vari",0,28333,0
"NEU0501VARI4","Lemuridae","Varecia","Vari",0,20245,0
"NEU0501VARI5","Lemuridae","Varecia","Vari",0,13383,0
"NEU1507GNUS1","Bovidae","Connochaetes","Gnu",0,6430,0
"NEU1507TUSI1","Bovidae","Bos","Watussi",339,8717,0
"NEU1507TUSI2","Bovidae","Bos","Watussi",616,12588,0
"NEU1507TUSI3","Bovidae","Bos","Watussi",426,10981,0
"NEU1507VARI1","Lemuridae","Varecia","Vari",64,12713,0
"NEU1507VARI2","Lemuridae","Varecia","Vari",0,16991,0
"NEU1507VARI3","Lemuridae","Varecia","Vari",151,11612,0
"NEU1512TIGA1","Felidae","Panthera","Tiger",0,15941,0
"NEU1609TUSI1","Bovidae","Bos","Watussi",487,15490,0
"NEU1609TUSI2","Bovidae","Bos","Watussi",336,9319,0
"NEU1612TIGA2","Felidae","Panthera","Tiger",0,25756,0
"NEU1712TIGA1","Felidae","Panthera","Tiger",0,16884,0
"NEU1712TIGA2","Felidae","Panthera","Tiger",0,28607,0
"NEU1812TIGA21","Felidae","Panthera","Tiger",0,22967,0
"NEU1812TIGA22","Felidae","Panthera","Tiger",0,25885,0
"NEU1912TIGA1","Felidae","Panthera","Tiger",0,17283,0
"NEU2012TIGA1","Felidae","Panthera","Tiger",0,26798,0
"NEU2704GEPA1","Felidae","Acinonyx","Gepard",0,6944,0
"NEU2704GEPA2","Felidae","Acinonyx","Gepard",0,6537,0
"NEU2704GEPA3","Felidae","Acinonyx","Gepard",0,5621,0
"NEU2704LOEW1","Felidae","Panthera","Loewe",0,10333,0
"NEU2704LOEW2","Felidae","Panthera","Loewe",0,17802,0
"NEU2704LOEW3","Felidae","Panthera","Loewe",0,9461,0
"NEU2704LOEW4","Felidae","Panthera","Loewe",0,12717,0
"NEU2704LOEW5","Felidae","Panthera","Loewe",0,6123,0
"NEU2704LOEW6","Felidae","Panthera","Loewe",0,8800,0
"NEU2704LOEW9","Felidae","Panthera","Loewe",0,8342,0
"NEU2704MAEH1","Canidae","Chrysocyon","Maehnenwolf",0,14818,0
"NEU2704MAEH2","Canidae","Chrysocyon","Maehnenwolf",0,6638,0
"NEU2704MAEH3","Canidae","Chrysocyon","Maehnenwolf",0,6218,0
"NEU2704PAND3","Ailuridae","Ailurus","Roter_Panda",0,10264,0
"NEU2704TIGA1","Felidae","Panthera","Tiger",0,6605,0
"NKN1008FOSA1","Felidae","Cryptoprocta","Fossa",0,21986,0
"NKN1008FOSA2","Felidae","Cryptoprocta","Fossa",0,24439,0
"NKN3007FOSA1","Felidae","Cryptoprocta","Fossa",49,12774,0
"NKN3007FOSA2","Felidae","Cryptoprocta","Fossa",0,18324,0
"NUR0503ELEN1","Bovidae","Tragelaphus","Elenantilope",0,1573,0
"NUR0503ELEN2","Bovidae","Tragelaphus","Elenantilope",0,1182,0
"NUR0503ELEN3","Bovidae","Tragelaphus","Elenantilope",115,1485,0
"NUR0503ELEN4","Bovidae","Tragelaphus","Elenantilope",490,10497,0
"OPE0603ERDM1","Herpestidae","Suricata","Erdmaennchen",0,21792,0
"OPE0603ERDM2","Herpestidae","Suricata","Erdmaennchen",0,7887,0
"OPE0603ERDM3","Herpestidae","Suricata","Erdmaennchen",0,16488,0
"OPE0802GNUS1","Bovidae","Connochaetes","Gnu",29,4358,0
"OPE0802GNUS2","Bovidae","Connochaetes","Gnu",12,2504,0
"OPE0802ZEBR1","Equidae","Equus","Steppenzebra",92,2629,0
"OPE0902GNUS1","Bovidae","Connochaetes","Gnu",150,5507,0
"OPE0902GNUS2","Bovidae","Connochaetes","Gnu",1611,38380,0
"OPE0902ZEBR1","Equidae","Equus","Steppenzebra",139,4363,0
"OPE1002GNUS1","Bovidae","Connochaetes","Gnu",159,5319,0
"OPE1002GNUS2","Bovidae","Connochaetes","Gnu",211,3694,0
"OPE1002ZEBR1","Equidae","Equus","Steppenzebra",61,2558,0
"OPE1102GNUS1","Bovidae","Connochaetes","Gnu",60,3451,0
"OPE1102GNUS2","Bovidae","Connochaetes","Gnu",175,3928,0
"OPE1102ZEBR1","Equidae","Equus","Steppenzebra",74,3031,0
"OPE1202GNUS1","Bovidae","Connochaetes","Gnu",158,11647,0
"OPE1202GNUS2","Bovidae","Connochaetes","Gnu",33,4511,0
"OPE1202ZEBR1","Equidae","Equus","Steppenzebra",67,1958,0
"OPE1302GNUS1","Bovidae","Connochaetes","Gnu",0,4398,0
"OPE1302GNUS2","Bovidae","Connochaetes","Gnu",472,6527,0
"OPE1302ZEBR1","Equidae","Equus","Steppenzebra",15,2390,0
"OPE1402GNUS1","Bovidae","Connochaetes","Gnu",172,5826,0
"OPE1402GNUS2","Bovidae","Connochaetes","Gnu",1189,26432,0
"OPE1402ZEBR1","Equidae","Equus","Steppenzebra",36,1725,0
"OPE1502GNUS1","Bovidae","Connochaetes","Gnu",39,3697,0
"OPE1502GNUS2","Bovidae","Connochaetes","Gnu",492,11062,0
"OPE1502ZEBR1","Equidae","Equus","Steppenzebra",68,1383,0
"OPE1807EISF1","Canidae","Vulpes","Eisfuchs",0,7493,0
"OPE1807EISF2","Canidae","Vulpes","Eisfuchs",0,4398,0
"OPE1807EISF3","Canidae","Vulpes","Eisfuchs",0,4861,0
"OPE1807EISF4","Canidae","Vulpes","Eisfuchs",0,3970,0
"OPE1807EISF5","Canidae","Vulpes","Eisfuchs",0,7849,0
"OPE1807EISF6","Canidae","Vulpes","Eisfuchs",0,6085,0
"OPE1807GEPA1","Felidae","Acinonyx","Gepard",0,28917,0
"OPE1807GEPA2","Felidae","Acinonyx","Gepard",0,8368,0
"OPE1807LOEF1","Canidae","Otocyon","Loeffelhund",0,12187,0
"OPE1807LOEF2","Canidae","Otocyon","Loeffelhund",0,5782,0
"OPE1807LOEF3","Canidae","Otocyon","Loeffelhund",0,9876,0
"OPE1807PAND1","Ailuridae","Ailurus","Roter_Panda",0,6851,0
"OPE1807PAND2","Ailuridae","Ailurus","Roter_Panda",0,13844,0
"OPE2507EISF10","Canidae","Vulpes","Eisfuchs",0,9884,0
"OPE2507EISF11","Canidae","Vulpes","Eisfuchs",0,1596,0
"OPE2507EISF12","Canidae","Vulpes","Eisfuchs",0,5665,0
"OPE2507EISF7","Canidae","Vulpes","Eisfuchs",0,1799,0
"OPE2507EISF8","Canidae","Vulpes","Eisfuchs",0,1365,0
"OPE2507EISF9","Canidae","Vulpes","Eisfuchs",0,612,0
"OPE2507GEPA3","Felidae","Acinonyx","Gepard",0,11716,0
"OPE2507GEPA4","Felidae","Acinonyx","Gepard",0,6808,0
"OPE2507GEPA5","Felidae","Acinonyx","Gepard",0,7240,0
"OPE2507LOEF4","Canidae","Otocyon","Loeffelhund",0,9983,0
"OPE2507LOEF5","Canidae","Otocyon","Loeffelhund",0,6746,0
"OPE2507LOEF6","Canidae","Otocyon","Loeffelhund",0,5063,0
"OPE2507PAND3","Ailuridae","Ailurus","Roter_Panda",0,6529,0
"OPE2507PAND4","Ailuridae","Ailurus","Roter_Panda",0,24569,0
"OPE2709ELEF1","Elephantidae","Loxodonta","AfrikElefant",344,6583,0
"OPE2709ELEF2","Elephantidae","Loxodonta","AfrikElefant",191,5391,0
"OPE2709ELEF3","Elephantidae","Loxodonta","AfrikElefant",84,6285,0
"OPE2709GIRA1","Giraffidae","Giraffa","Giraffe",119,9738,0
"OPE2709GIRA2","Giraffidae","Giraffa","Giraffe",171,9325,0
"OPE2709GNUS1","Bovidae","Connochaetes","Gnu",143,3910,0
"OPE2709GNUS2","Bovidae","Connochaetes","Gnu",0,1225,0
"OPE2709IMPA1","Bovidae","Aepyceros","Impala",0,3101,0
"OPE2709IMPA2","Bovidae","Aepyceros","Impala",77,9251,0
"OPE2709TRAM1","Camelidae","Camelus","Trampeltier",94,1327,0
"OPE2709TRAM2","Camelidae","Camelus","Trampeltier",142,2909,0
"OPE2709ZEBR1","Equidae","Equus","Steppenzebra",25,4109,0
"OPE2709ZEBR2","Equidae","Equus","Steppenzebra",17,2455,0
"OPE2809BERG1","Macropodidae","Osphranter","Bergkaenguru",244,7771,0
"OPE2809ELEN1","Bovidae","Tragelaphus","Elenantilope",0,6390,0
"OPE2809ELEN2","Bovidae","Tragelaphus","Elenantilope",50,7297,0
"OPE2809RENT1","Cervidae","Rangifer","Rentier",0,8397,0
"OPE2809RENT2","Cervidae","Rangifer","Rentier",61,12077,0
"OPE2809RIES1","Macropodidae","Osphranter","Riesenkaenguru",0,6358,0
"OPE2809RIES2","Macropodidae","Osphranter","Riesenkaenguru",56,11482,0
"SCH1211BAER1","Ursidae","Ursus","Braunbaer",0,26599,0
"SCH1211BAER2","Ursidae","Ursus","Braunbaer",0,21717,0
"SCH1311BAER1","Ursidae","Ursus","Braunbaer",0,22173,0
"SCH1311BAER2","Ursidae","Ursus","Braunbaer",0,11157,0
"SCH1411BAER1","Ursidae","Ursus","Braunbaer",0,22061,0
"SCH1411BAER2","Ursidae","Ursus","Braunbaer",0,12704,0
"SCH1511BAER1","Ursidae","Ursus","Braunbaer",0,22524,0
"SCH1511BAER2","Ursidae","Ursus","Braunbaer",0,16987,0
"SCH1611BAER1","Ursidae","Ursus","Braunbaer",0,21817,0
"SCH1611BAER2","Ursidae","Ursus","Braunbaer",0,44470,0
"SCH1711BAER1","Ursidae","Ursus","Braunbaer",0,24458,0
"SCH1711BAER2","Ursidae","Ursus","Braunbaer",0,18047,0
"SCH1811BAER1","Ursidae","Ursus","Braunbaer",0,62952,0
"SCH1811BAER2","Ursidae","Ursus","Braunbaer",0,19929,0
"SCH1911BAER1","Ursidae","Ursus","Braunbaer",0,15459,0
"SCH1911BAER2","Ursidae","Ursus","Braunbaer",0,25076,0
"SCH2505BAER1","Ursidae","Ursus","Braunbaer",0,15071,0
"SCH2505BAER2","Ursidae","Ursus","Braunbaer",0,11429,0
"SCH2605BAER1","Ursidae","Ursus","Braunbaer",0,8775,0
"SCH2605BAER2","Ursidae","Ursus","Braunbaer",0,16408,0
"SCH2705BAER1","Ursidae","Ursus","Braunbaer",0,16604,0
"SCH2705BAER2","Ursidae","Ursus","Braunbaer",0,11339,0
"SCH2805BAER1","Ursidae","Ursus","Braunbaer",0,8238,0
"SCH2805BAER2","Ursidae","Ursus","Braunbaer",0,14509,0
"SCH2805ERDM1","Herpestidae","Suricata","Erdmaennchen",0,17428,0
"SCH2805ERDM2","Herpestidae","Suricata","Erdmaennchen",0,7638,0
"SCH2805ERDM3","Herpestidae","Suricata","Erdmaennchen",0,7484,0
"SCH2905BAER1","Ursidae","Ursus","Braunbaer",0,4296,0
"SCH2905BAER2","Ursidae","Ursus","Braunbaer",0,6769,0
"SCH2905NASH1","Rhinocerotidae","Ceratotherium","Breitmaulnashorn",319,8672,0
"SCH2905NASH2","Rhinocerotidae","Ceratotherium","Breitmaulnashorn",410,4950,0
"STU2006GEPA1","Felidae","Acinonyx","Gepard",0,12454,0
"STU2006LEOP1","Felidae","Panthera","Leopard",0,9461,0
"STU2006LOEW1","Felidae","Panthera","Loewe",0,6918,0
"STU2006LOEW2","Felidae","Panthera","Loewe",0,8296,0
"STU2006TIGA1","Felidae","Panthera","Tiger",0,6478,0
"STU2006WALD1","Canidae","Speothos","Waldhund",0,5076,0
"STU2006WALD2","Canidae","Speothos","Waldhund",0,6599,0
"STU2706GEPA2","Felidae","Acinonyx","Gepard",0,6276,0
"STU2706GEPA3","Felidae","Acinonyx","Gepard",0,10247,0
"STU2706LOEW3","Felidae","Panthera","Loewe",0,5916,0
"STU2706LOEW4","Felidae","Panthera","Loewe",0,10941,0
"STU2706TIGA2","Felidae","Panthera","Tiger",0,14480,0
"STU2706WALD3","Canidae","Speothos","Waldhund",0,7861,0
"STU2706WALD4","Canidae","Speothos","Waldhund",0,4690,0
"WUP0506GEPA1","Felidae","Acinonyx","Gepard",0,3358,0
"WUP0506LOEW1","Felidae","Panthera","Loewe",0,12313,0
"WUP0506NEBE1","Felidae","Panthera","Nebelparder",0,8816,0
"WUP0506NEBE2","Felidae","Panthera","Nebelparder",0,7113,0
"WUP0506NEBE3","Felidae","Panthera","Nebelparder",0,7715,0
"WUP0506PAND1","Ailuridae","Ailurus","Roter_Panda",0,3979,0
"WUP0506PAND2","Ailuridae","Ailurus","Roter_Panda",0,2100,0
"WUP0506SEEL1","Felidae","Panthera","Schneeleopard",0,8093,0
"WUP0506SEEL2","Felidae","Panthera","Schneeleopard",0,7326,0
"WUP0506SEEL3","Felidae","Panthera","Schneeleopard",0,12160,0
"WUP0506SEEL4","Felidae","Panthera","Schneeleopard",0,8332,0
"WUP0506SEEL5","Felidae","Panthera","Schneeleopard",0,6755,0
"WUP0506SEEL6","Felidae","Panthera","Schneeleopard",0,8598,0
"WUP0506TIGA1","Felidae","Panthera","Tiger",0,4643,0
"WUP1206GEPA2","Felidae","Acinonyx","Gepard",13,12280,0
"WUP1206LEOP2","Felidae","Panthera","Leopard",0,6261,0
"WUP1206LEOP3","Felidae","Panthera","Leopard",0,6248,34
"WUP1206LOEW2","Felidae","Panthera","Loewe",0,5983,0
"WUP1206NEBE4","Felidae","Panthera","Nebelparder",0,4428,0
"WUP1206PAND3","Ailuridae","Ailurus","Roter_Panda",0,12425,0
"WUP1206PAND4","Ailuridae","Ailurus","Roter_Panda",0,6205,0
"WUP1206SEEL10","Felidae","Panthera","Schneeleopard",17,11272,0
"WUP1206SEEL7","Felidae","Panthera","Schneeleopard",0,11716,0
"WUP1206SEEL8","Felidae","Panthera","Schneeleopard",0,19145,0
"WUP1206SEEL9","Felidae","Panthera","Schneeleopard",68,13046,0
"WUP1206TIGA2","Felidae","Panthera","Tiger",0,7359,0
"WUP1507BONG1","Bovidae","Tragelaphus","Bongo",477,19368,0
"WUP1507BONG2","Bovidae","Tragelaphus","Bongo",300,13928,0
"WUP1507BONG3","Bovidae","Tragelaphus","Bongo",139,14265,0
"WUP1507OKAP1","Giraffidae","Okapia","Okapi",202,8743,0
"WUP1507OKAP2","Giraffidae","Okapia","Okapi",1046,25438,0
"WUP1507OKAP3","Giraffidae","Okapia","Okapi",422,10842,0
"WUP1507OKAP4","Giraffidae","Okapia","Okapi",399,11581,0
"WUP1507OKAP5","Giraffidae","Okapia","Okapi",369,8759,0
"WUP1507ZEBR1","Equidae","Equus","Steppenzebra",67,10621,0
"WUP1507ZEBR2","Equidae","Equus","Steppenzebra",130,11174,0
"WUP1507ZEBR3","Equidae","Equus","Steppenzebra",65,11311,0
"WUP2301EBER1","Suidae","Babyrousa","Hirscheber",384,40698,0
"WUP2301EBER2","Suidae","Babyrousa","Hirscheber",725,22495,0
"WUP2301EBER3","Suidae","Babyrousa","Hirscheber",251,16508,0
"WUP2301EBER4","Suidae","Babyrousa","Hirscheber",545,10004,0
"WUP2301EBER5","Suidae","Babyrousa","Hirscheber",313,14857,0
"WUP2301ELEF1","Elephantidae","Loxodonta","AfrikElefant",525,13921,0
"WUP2301ELEF2","Elephantidae","Loxodonta","AfrikElefant",454,15847,0
"WUP2301ELEF3","Elephantidae","Loxodonta","AfrikElefant",199,9825,0
"WUP2301ELEF4","Elephantidae","Loxodonta","AfrikElefant",405,18105,0
"WUP2301ELEF5","Elephantidae","Loxodonta","AfrikElefant",1098,14392,0
"WUP2501GORI1","Homininae","Gorilla","Gorilla",709,6521,0
"WUP2501GORI2","Homininae","Gorilla","Gorilla",1665,9754,0
"WUP2501VARI1","Lemuridae","Varecia","Vari",0,23590,0
"WUP2501VARI2","Lemuridae","Varecia","Vari",0,28702,0
"WUP2501VARI3","Lemuridae","Varecia","Vari",0,26518,0
