ID;Run;Zoo;Art;Gattung;Familie
DUI0406EISF1;1;DUI;Eisfuchs;Vulpes;Canidae
DUI0406EISF2;1;DUI;Eisfuchs;Vulpes;Canidae
DUI1106EISF3;1;DUI;Eisfuchs;Vulpes;Canidae
DUI1106EISF4;1;DUI;Eisfuchs;Vulpes;Canidae
OPE1807EISF1;1;OPE;Eisfuchs;Vulpes;Canidae
OPE1807EISF2;1;OPE;Eisfuchs;Vulpes;Canidae
OPE1807EISF3;1;OPE;Eisfuchs;Vulpes;Canidae
OPE1807EISF4;1;OPE;Eisfuchs;Vulpes;Canidae
OPE1807EISF5;1;OPE;Eisfuchs;Vulpes;Canidae
OPE1807EISF6;1;OPE;Eisfuchs;Vulpes;Canidae
OPE2507EISF10;1;OPE;Eisfuchs;Vulpes;Canidae
OPE2507EISF11;1;OPE;Eisfuchs;Vulpes;Canidae
OPE2507EISF12;1;OPE;Eisfuchs;Vulpes;Canidae
OPE2507EISF7;1;OPE;Eisfuchs;Vulpes;Canidae
OPE2507EISF8;1;OPE;Eisfuchs;Vulpes;Canidae
OPE2507EISF9;1;OPE;Eisfuchs;Vulpes;Canidae
BER0805LOEF1;1;BER;Loeffelhund;Otocyon;Canidae
BER0805LOEF2;1;BER;Loeffelhund;Otocyon;Canidae
BER1505LOEF3;1;BER;Loeffelhund;Otocyon;Canidae
DOR0606LOEF1;1;DOR;Loeffelhund;Otocyon;Canidae
DOR0606LOEF2;1;DOR;Loeffelhund;Otocyon;Canidae
DOR1306LOEF3;1;DOR;Loeffelhund;Otocyon;Canidae
DOR1306LOEF4;1;DOR;Loeffelhund;Otocyon;Canidae
DOR1306LOEF5;1;DOR;Loeffelhund;Otocyon;Canidae
KRE0706LOEF1;1;KRE;Loeffelhund;Otocyon;Canidae
KRE0706LOEF2;1;KRE;Loeffelhund;Otocyon;Canidae
KRE0706LOEF3;1;KRE;Loeffelhund;Otocyon;Canidae
KRE1406LOEF4;1;KRE;Loeffelhund;Otocyon;Canidae
OPE1807LOEF1;1;OPE;Loeffelhund;Otocyon;Canidae
OPE1807LOEF2;1;OPE;Loeffelhund;Otocyon;Canidae
OPE1807LOEF3;1;OPE;Loeffelhund;Otocyon;Canidae
OPE2507LOEF4;1;OPE;Loeffelhund;Otocyon;Canidae
OPE2507LOEF5;1;OPE;Loeffelhund;Otocyon;Canidae
OPE2507LOEF6;1;OPE;Loeffelhund;Otocyon;Canidae
BER0805PAND1;1;BER;Roter_Panda;Ailurus;Ailuridae
BER0805PAND2;1;BER;Roter_Panda;Ailurus;Ailuridae
BER1505PAND3;1;BER;Roter_Panda;Ailurus;Ailuridae
BER1505PAND4;1;BER;Roter_Panda;Ailurus;Ailuridae
DOR0606PAND1;1;DOR;Roter_Panda;Ailurus;Ailuridae
DOR0606PAND2;1;DOR;Roter_Panda;Ailurus;Ailuridae
DOR1306PAND3;1;DOR;Roter_Panda;Ailurus;Ailuridae
DOR1306PAND4;1;DOR;Roter_Panda;Ailurus;Ailuridae
DUI0406PAND1;1;DUI;Roter_Panda;Ailurus;Ailuridae
DUI0406PAND2;1;DUI;Roter_Panda;Ailurus;Ailuridae
DUI1106PAND3;1;DUI;Roter_Panda;Ailurus;Ailuridae
DUI1106PAND4;1;DUI;Roter_Panda;Ailurus;Ailuridae
KRE0706PAND1;1;KRE;Roter_Panda;Ailurus;Ailuridae
KRE0706PAND2;1;KRE;Roter_Panda;Ailurus;Ailuridae
KRE0706PAND3;1;KRE;Roter_Panda;Ailurus;Ailuridae
KRE1406PAND4;1;Kre;Roter_Panda;Ailurus;Ailuridae
NEU0405PAND1;1;NEU;Roter_Panda;Ailurus;Ailuridae
NEU0405PAND2;1;NEU;Roter_Panda;Ailurus;Ailuridae
NEU2704PAND3;1;NEU;Roter_Panda;Ailurus;Ailuridae
OPE1807PAND1;1;OPE;Roter_Panda;Ailurus;Ailuridae
OPE1807PAND2;1;OPE;Roter_Panda;Ailurus;Ailuridae
OPE2507PAND3;1;OPE;Roter_Panda;Ailurus;Ailuridae
OPE2507PAND4;1;OPE;Roter_Panda;Ailurus;Ailuridae
WUP0506PAND1;1;WUP;Roter_Panda;Ailurus;Ailuridae
WUP0506PAND2;1;WUP;Roter_Panda;Ailurus;Ailuridae
WUP1206PAND3;1;WUP;Roter_Panda;Ailurus;Ailuridae
WUP1206PAND4;1;WUP;Roter_Panda;Ailurus;Ailuridae
BER0805WALD1;1;BER;Waldhund;Speothos;Canidae
BER0805WALD2;1;BER;Waldhund;Speothos;Canidae
BER0805WALD3;1;BER;Waldhund;Speothos;Canidae
BER0905WALD10;1;BER;Waldhund;Speothos;Canidae
BER0905WALD4;1;BER;Waldhund;Speothos;Canidae
BER0905WALD5;1;BER;Waldhund;Speothos;Canidae
BER0905WALD6;1;BER;Waldhund;Speothos;Canidae
BER0905WALD7;1;BER;Waldhund;Speothos;Canidae
BER0905WALD8;1;BER;Waldhund;Speothos;Canidae
BER0905WALD9;1;BER;Waldhund;Speothos;Canidae
FRA0207WALD10;1;FRA;Waldhund;Speothos;Canidae
FRA0207WALD9;1;FRA;Waldhund;Speothos;Canidae
FRA2506WALD1;1;FRA;Waldhund;Speothos;Canidae
FRA2506WALD2;1;FRA;Waldhund;Speothos;Canidae
FRA2606WALD3;1;FRA;Waldhund;Speothos;Canidae
FRA2606WALD4;1;FRA;Waldhund;Speothos;Canidae
FRA2806WALD5;1;FRA;Waldhund;Speothos;Canidae
FRA2806WALD6;1;FRA;Waldhund;Speothos;Canidae
FRA2906WALD7;1;FRA;Waldhund;Speothos;Canidae
FRA2906WALD8;1;FRA;Waldhund;Speothos;Canidae
LAN0305WALD1;1;LAN;Waldhund;Speothos;Canidae
LAN2604WALD2;1;LAN;Waldhund;Speothos;Canidae
STU2006WALD1;1;STU;Waldhund;Speothos;Canidae
STU2006WALD2;1;STU;Waldhund;Speothos;Canidae
STU2706WALD3;1;STU;Waldhund;Speothos;Canidae
STU2706WALD4;1;STU;Waldhund;Speothos;Canidae
DUI0406WILD1;1;DUI;Wildhund;Lycaon;Canidae
DUI1106WILD2;1;DUI;Wildhund;Lycaon;Canidae
DUI1106WILD3;1;DUI;Wildhund;Lycaon;Canidae
FRA0207WILD4;1;FRA;Wildhund;Lycaon;Canidae
FRA0207WILD5;1;FRA;Wildhund;Lycaon;Canidae
FRA0207WILD6;1;FRA;Wildhund;Lycaon;Canidae
FRA2506WILD1;1;FRA;Wildhund;Lycaon;Canidae
FRA2506WILD2;1;FRA;Wildhund;Lycaon;Canidae
FRA2506WILD3;1;FRA;Wildhund;Lycaon;Canidae
BER0805GEPA1;1;BER;Gepard;Acinonyx;Felidae
BER0805GEPA2;1;BER;Gepard;Acinonyx;Felidae
BER1505GEPA2;1;BER;Gepard;Acinonyx;Felidae
KRE0706GEPA1;1;KRE;Gepard;Acinonyx;Felidae
KRE0706GEPA2;1;KRE;Gepard;Acinonyx;Felidae
KRE0706GEPA3;1;KRE;Gepard;Acinonyx;Felidae
KRE0706GEPA4;1;KRE;Gepard;Acinonyx;Felidae
KRE1306GEPA3;1;KRE;Gepard;Acinonyx;Felidae
KRE1306GEPA4;1;KRE;Gepard;Acinonyx;Felidae
LAN0305GEPA3;1;LAN;Gepard;Acinonyx;Felidae
LAN0305GEPA4;1;LAN;Gepard;Acinonyx;Felidae
LAN2604GEPA1;1;LAN;Gepard;Acinonyx;Felidae
LAN2604GEPA2;1;LAN;Gepard;Acinonyx;Felidae
NEU0405GEPA4;1;NEU;Gepard;Acinonyx;Felidae
NEU0405GEPA5;1;NEU;Gepard;Acinonyx;Felidae
NEU2704GEPA1;1;NEU;Gepard;Acinonyx;Felidae
NEU2704GEPA2;1;NEU;Gepard;Acinonyx;Felidae
NEU2704GEPA3;1;NEU;Gepard;Acinonyx;Felidae
OPE1807GEPA1;1;OPE;Gepard;Acinonyx;Felidae
OPE1807GEPA2;1;OPE;Gepard;Acinonyx;Felidae
OPE2507GEPA3;1;OPE;Gepard;Acinonyx;Felidae
OPE2507GEPA4;1;OPE;Gepard;Acinonyx;Felidae
OPE2507GEPA5;1;OPE;Gepard;Acinonyx;Felidae
STU2006GEPA1;1;STU;Gepard;Acinonyx;Felidae
STU2706GEPA2;1;STU;Gepard;Acinonyx;Felidae
STU2706GEPA3;1;STU;Gepard;Acinonyx;Felidae
WUP0506GEPA1;1;WUP;Gepard;Acinonyx;Felidae
WUP1206GEPA2;1;WUP;Gepard;Acinonyx;Felidae
DOR0606JAGU1;1;DOR;Jaguar;Panthera;Felidae
DOR0606JAGU2;1;DOR;Jaguar;Panthera;Felidae
DOR1306JAGU3;1;DOR;Jaguar;Panthera;Felidae
DOR1306JAGU4;1;DOR;Jaguar;Panthera;Felidae
KRE0706JAGU1;1;KRE;Jaguar;Panthera;Felidae
KRE0706JAGU2;1;KRE;Jaguar;Panthera;Felidae
KRE0706JAGU3;1;KRE;Jaguar;Panthera;Felidae
KRE0706JAGU4;1;KRE;Jaguar;Panthera;Felidae
KRE1406JAGU5;1;KRE;Jaguar;Panthera;Felidae
KRE1406JAGU6;1;KRE;Jaguar;Panthera;Felidae
KRE1406JAGU7;1;KRE;Jaguar;Panthera;Felidae
BER0805NEBE1;1;BER;Nebelparder;Panthera;Felidae
DOR0606NEBE1;1;DOR;Nebelparder;Panthera;Felidae
DOR0606NEBE2;1;DOR;Nebelparder;Panthera;Felidae
DOR1306NEBE3;1;DOR;Nebelparder;Panthera;Felidae
DOR1306NEBE4;1;DOR;Nebelparder;Panthera;Felidae
DUI0406NEBE1;1;DUI;Nebelparder;Panthera;Felidae
DUI0406NEBE2;1;DUI;Nebelparder;Panthera;Felidae
DUI1106NEBE3;1;DUI;Nebelparder;Panthera;Felidae
DUI1106NEBE4;1;DUI;Nebelparder;Panthera;Felidae
WUP0506NEBE1;1;WUP;Nebelparder;Panthera;Felidae
WUP0506NEBE2;1;WUP;Nebelparder;Panthera;Felidae
WUP0506NEBE3;1;WUP;Nebelparder;Panthera;Felidae
WUP1206NEBE4;1;WUP;Nebelparder;Panthera;Felidae
BER0805TIGA1;1;BER;Tiger;Panthera;Felidae
BER0805TIGA2;1;BER;Tiger;Panthera;Felidae
BER0805TIGA3;1;BER;Tiger;Panthera;Felidae
BER0805TIGA4;1;BER;Tiger;Panthera;Felidae
BER0805TIGA5;1;BER;Tiger;Panthera;Felidae
BER0805TIGA6;1;BER;Tiger;Panthera;Felidae
BER0905TIGA1;1;BER;Tiger;Panthera;Felidae
BER0905TIGA7;1;BER;Tiger;Panthera;Felidae
BER0905TIGA8;1;BER;Tiger;Panthera;Felidae
BER0905TIGA9;1;BER;Tiger;Panthera;Felidae
BER1405TIGA1;1;BER;Tiger;Panthera;Felidae
BER1505TIGA1;1;BER;Tiger;Panthera;Felidae
BER1505TIGA2;1;BER;Tiger;Panthera;Felidae
BERXXXXTIGA1;1;BER;Tiger;Panthera;Felidae
DUI0406TIGA1;1;DUI;Tiger;Panthera;Felidae
DUI0406TIGA2;1;DUI;Tiger;Panthera;Felidae
DUI0406TIGA3;1;DUI;Tiger;Panthera;Felidae
DUI1106TIGA4;1;DUI;Tiger;Panthera;Felidae
DUI1106TIGA5;1;DUI;Tiger;Panthera;Felidae
FRA0207TIGA1;1;FRA;Tiger;Panthera;Felidae
FRA2506TIGA1;1;FRA;Tiger;Panthera;Felidae
FRA2506TIGA2;1;FRA;Tiger;Panthera;Felidae
FRA2606TIGA3;1;FRA;Tiger;Panthera;Felidae
FRA2606TIGA4;1;FRA;Tiger;Panthera;Felidae
FRA2706TIGA5;1;FRA;Tiger;Panthera;Felidae
FRA2706TIGA6;1;FRA;Tiger;Panthera;Felidae
FRA2806TIGA7;1;FRA;Tiger;Panthera;Felidae
FRA2806TIGA8;1;FRA;Tiger;Panthera;Felidae
FRA2906TIGA1;1;FRA;Tiger;Panthera;Felidae
FRA2906TIGA9;1;FRA;Tiger;Panthera;Felidae
LAN0305TIGA2;1;LAN;Tiger;Panthera;Felidae
LAN2604TIGA1;1;LAN;Tiger;Panthera;Felidae
NEU2704TIGA1;1;NEU;Tiger;Panthera;Felidae
STU2006TIGA1;1;STU;Tiger;Panthera;Felidae
STU2706TIGA2;1;STU;Tiger;Panthera;Felidae
WUP0506TIGA1;1;WUP;Tiger;Panthera;Felidae
WUP1206TIGA2;1;WUP;Tiger;Panthera;Felidae
OPE2709ELEF1;2;OPE;AfrikElefant;Loxodonta;Elephantidae
OPE2709ELEF2;2;OPE;AfrikElefant;Loxodonta;Elephantidae
OPE2709ELEF3;2;OPE;AfrikElefant;Loxodonta;Elephantidae
DUI0811BENN1;2;DUI;Bennettkaenguru;Notamacropus;Macropodidae
DUI0811BENN2;2;DUI;Bennettkaenguru;Notamacropus;Macropodidae
DUI0811BERG1;2;DUI;Bergkaenguru;Osphranter;Macropodidae
DUI0811BERG2;2;DUI;Bergkaenguru;Osphranter;Macropodidae
OPE2809BERG1;2;OPE;Bergkaenguru;Osphranter;Macropodidae
DUI0811TEUF1;2;DUI;Beutelteufel;Sarcophilus;Dasyuridae
DUI0811TEUF2;2;DUI;Beutelteufel;Sarcophilus;Dasyuridae
DUI0711BONG1;2;DUI;Bongo;Tragelaphus;Bovidae
DUI0711BONG2;2;DUI;Bongo;Tragelaphus;Bovidae
FRA1411BONG1;2;FRA;Bongo;Tragelaphus;Bovidae
FRA1411BONG2;2;FRA;Bongo;Tragelaphus;Bovidae
OPE2809ELEN1;2;OPE;Elenantilope;Tragelaphus;Bovidae
OPE2809ELEN2;2;OPE;Elenantilope;Tragelaphus;Bovidae
DAR0611FENN10;2;DAR;Fennek;Vulpes;Canidae
DAR0611FENN11;2;DAR;Fennek;Vulpes;Canidae
DAR0611FENN12;2;DAR;Fennek;Vulpes;Canidae
DAR0611FENN13;2;DAR;Fennek;Vulpes;Canidae
DAR0611FENN7;2;DAR;Fennek;Vulpes;Canidae
DAR0611FENN8;2;DAR;Fennek;Vulpes;Canidae
DAR0611FENN9;2;DAR;Fennek;Vulpes;Canidae
DAR3010FENN1;2;DAR;Fennek;Vulpes;Canidae
DAR3010FENN2;2;DAR;Fennek;Vulpes;Canidae
DAR3010FENN3;2;DAR;Fennek;Vulpes;Canidae
DAR3010FENN4;2;DAR;Fennek;Vulpes;Canidae
DAR3010FENN5;2;DAR;Fennek;Vulpes;Canidae
DAR3010FENN6;2;DAR;Fennek;Vulpes;Canidae
FRA0207FENN3;2;FRA;Fennek;Vulpes;Canidae
FRA0207FENN4;2;FRA;Fennek;Vulpes;Canidae
FRA1411FENN5;2;FRA;Fennek;Vulpes;Canidae
FRA2506FENN1;2;FRA;Fennek;Vulpes;Canidae
FRA2506FENN2;2;FRA;Fennek;Vulpes;Canidae
LAN2604FENN1;2;LAN;Fennek;Vulpes;Canidae
LAN2604FENN2;2;LAN;Fennek;Hippopotamus;Hippopotamidae
DUI0811GIRA1;2;DUI;Giraffe;Giraffa;Giraffidae
DUI0811GIRA2;2;DUI;Giraffe;Giraffa;Giraffidae
FRA1411GIRA1;2;FRA;Giraffe;Giraffa;Giraffidae
FRA1411GIRA2;2;FRA;Giraffe;Giraffa;Giraffidae
OPE2709GIRA1;2;OPE;Giraffe;Giraffa;Giraffidae
OPE2709GIRA2;2;OPE;Giraffe;Giraffa;Giraffidae
OPE2709GNUS1;2;OPE;Gnu;Connochaetes;Bovidae
OPE2709GNUS2;2;OPE;Gnu;Connochaetes;Bovidae
FRA1411ZEBR1;2;FRA;Grevyzebra;Equus;Equidae
FRA1411ZEBR2;2;FRA;Grevyzebra;Equus;Equidae
OPE2709IMPA1;2;OPE;Impala;Aepyceros;Bovidae
OPE2709IMPA2;2;OPE;Impala;Aepyceros;Bovidae
DUI0811KOLA1;2;DUI;Koala;Phascolartos;Phascolarctidae
DUI0811KOLA2;2;DUI;Koala;Phascolartos;Phascolarctidae
DUI0811KOLA3;2;DUI;Koala;Phascolartos;Phascolarctidae
DUI0811KOLA4;2;DUI;Koala;Phascolartos;Phascolarctidae
DUI0811KOLA5;2;DUI;Koala;Phascolartos;Phascolarctidae
DUI0811KOLA6;2;DUI;Koala;Phascolartos;Phascolarctidae
WUP0506LEO1S;2;WUP;Leopard;Panthera;Felidae
BER1505LEOP1;2;BER;Leopard;Panthera;Felidae
BER1505LEOP2;2;BER;Leopard;Panthera;Felidae
BER1505LEOP3;2;BER;Leopard;Panthera;Felidae
BER1505LEOP4;2;BER;Leopard;Panthera;Felidae
DOR0606LEOP1;2;DOR;Leopard;Panthera;Felidae
DOR1306LEOP2;2;DOR;Leopard;Panthera;Felidae
STU2006LEOP1;2;STU;Leopard;Panthera;Felidae
WUP1206LEOP2;2;WUP;Leopard;Panthera;Felidae
WUP1206LEOP3;2;WUP;Leopard;Panthera;Felidae
DUI0406LOEW1;2;DUI;Loewe;Panthera;Felidae
DUI0406LOEW2;2;DUI;Loewe;Panthera;Felidae
DUI1106LOEW3;2;DUI;Loewe;Panthera;Felidae
DUI1106LOEW4;2;DUI;Loewe;Panthera;Felidae
FRA0107LOEW3;2;FRA;Loewe;Panthera;Felidae
FRA0207LOEW4;2;FRA;Loewe;Panthera;Felidae
FRA0207LOEW5;2;FRA;Loewe;Panthera;Felidae
FRA0207LOEW6;2;FRA;Loewe;Panthera;Felidae
FRA3006LOEW1;2;FRA;Loewe;Panthera;Felidae
FRA3006LOEW2;2;FRA;Loewe;Panthera;Felidae
NEU0405LOEW10;2;NEU;Loewe;Panthera;Felidae
NEU0405LOEW6;2;NEU;Loewe;Panthera;Felidae
NEU0405LOEW7;2;NEU;Loewe;Panthera;Felidae
NEU0405LOEW8;2;NEU;Loewe;Panthera;Felidae
NEU2704LOEW1;2;NEU;Loewe;Panthera;Felidae
NEU2704LOEW2;2;NEU;Loewe;Panthera;Felidae
NEU2704LOEW3;2;NEU;Loewe;Panthera;Felidae
NEU2704LOEW4;2;NEU;Loewe;Panthera;Felidae
NEU2704LOEW5;2;NEU;Loewe;Panthera;Felidae
NEU2704LOEW6;2;NEU;Loewe;Panthera;Felidae
NEU2704LOEW9;2;NEU;Loewe;Panthera;Felidae
STU2006LOEW1;2;STU;Loewe;Panthera;Felidae
STU2006LOEW2;2;STU;Loewe;Panthera;Felidae
STU2706LOEW3;2;STU;Loewe;Panthera;Felidae
STU2706LOEW4;2;STU;Loewe;Panthera;Felidae
WUP0506LOEW1;2;WUP;Loewe;Panthera;Felidae
WUP1206LOEW2;2;WUP;Loewe;Panthera;Felidae
BER0805MAEH2;2;BER;Maehnenwolf;Chrysocyon;Canidae
BER0805MAEH1;2;BER;Maehnenwolf;Chrysocyon;Canidae
DOR0606MAEH1;2;DOR;Maehnenwolf;Chrysocyon;Canidae
DOR0606MAEH2;2;DOR;Maehnenwolf;Chrysocyon;Canidae
DOR1306MAEH3;2;DOR;Maehnenwolf;Chrysocyon;Canidae
DOR1306MAEH4;2;DOR;Maehnenwolf;Chrysocyon;Canidae
NEU0405MAEH4;2;NEU;Maehnenwolf;Chrysocyon;Canidae
NEU0405MAEH5;2;NEU;Maehnenwolf;Chrysocyon;Canidae
NEU2704MAEH1;2;NEU;Maehnenwolf;Chrysocyon;Canidae
NEU2704MAEH2;2;NEU;Maehnenwolf;Chrysocyon;Canidae
NEU2704MAEH3;2;NEU;Maehnenwolf;Chrysocyon;Canidae
OPE2809RENT1;2;OPE;Rentier;Rangifer;Cervidae
OPE2809RENT2;2;OPE;Rentier;Rangifer;Cervidae
OPE2809RIES1;2;OPE;Riesenkaenguru;Osphranter;Macropodidae
OPE2809RIES2;2;OPE;Riesenkaenguru;Osphranter;Macropodidae
FRA1411ROST1;2;FRA;Rostkatze;Prionailurus;Felidae
FRA1411ROST11;2;FRA;Rostkatze;Prionailurus;Felidae
FRA1411ROST12;2;FRA;Rostkatze;Prionailurus;Felidae
FRA1411ROST14;2;FRA;Rostkatze;Prionailurus;Felidae
FRA1411ROST15;2;FRA;Rostkatze;Prionailurus;Felidae
FRA1411ROST2;2;FRA;Rostkatze;Prionailurus;Felidae
FRA1411ROST3;2;FRA;Rostkatze;Prionailurus;Felidae
FRA1411ROST4;2;FRA;Rostkatze;Prionailurus;Felidae
FRA1411ROST5;2;FRA;Rostkatze;Prionailurus;Felidae
FRA1411ROST6;2;FRA;Rostkatze;Prionailurus;Felidae
FRA1411ROST7;2;FRA;Rostkatze;Prionailurus;Felidae
FRA1411ROST8;2;FRA;Rostkatze;Prionailurus;Felidae
FRA1411ROST9;2;FRA;Rostkatze;Prionailurus;Felidae
BER0805SEEL1;2;BER;Schneeleopard;Panthera;Felidae
BER0805SEEL2;2;BER;Schneeleopard;Panthera;Felidae
BER1505SEEL3;2;BER;Schneeleopard;Panthera;Felidae
KRE0706SEEL1;2;KRE;Schneeleopard;Panthera;Felidae
KRE0706SEEL2;2;KRE;Schneeleopard;Panthera;Felidae
KRE0706SEEL3;2;KRE;Schneeleopard;Panthera;Felidae
KRE0706SEEL4;2;KRE;Schneeleopard;Panthera;Felidae
KRE1406SEEL5;2;KRE;Schneeleopard;Panthera;Felidae
KRE1406SEEL6;2;KRE;Schneeleopard;Panthera;Felidae
WUP0506SEEL1;2;WUP;Schneeleopard;Panthera;Felidae
WUP0506SEEL2;2;WUP;Schneeleopard;Panthera;Felidae
WUP0506SEEL3;2;WUP;Schneeleopard;Panthera;Felidae
WUP0506SEEL4;2;WUP;Schneeleopard;Panthera;Felidae
WUP0506SEEL5;2;WUP;Schneeleopard;Panthera;Felidae
WUP0506SEEL6;2;WUP;Schneeleopard;Panthera;Felidae
WUP1206SEEL10;2;WUP;Schneeleopard;Panthera;Felidae
WUP1206SEEL7;2;WUP;Schneeleopard;Panthera;Felidae
WUP1206SEEL8;2;WUP;Schneeleopard;Panthera;Felidae
WUP1206SEEL9;2;WUP;Schneeleopard;Panthera;Felidae
OPE2709ZEBR1;2;OPE;Steppenzebra;Equus;Equidae
OPE2709ZEBR2;2;OPE;Steppenzebra;Equus;Equidae
DUI0811SUMF1;2;DUI;Sumpfwallaby;Wallabia;Macropodidae
DUI0811SUMF2;2;DUI;Sumpfwallaby;Wallabia;Macropodidae
FRA1411TRAM1;2;FRA;Trampeltier;Camelus;Camelidae
FRA1411TRAM2;2;FRA;Trampeltier;Camelus;Camelidae
OPE2709TRAM1;2;OPE;Trampeltier;Camelus;Camelidae
OPE2709TRAM2;2;OPE;Trampeltier;Camelus;Camelidae
FRA1411WALD11;2;FRA;Waldhund;Speothos;Canidae
DUI0811TUSI1;2;DUI;Watussi;Bos;Bovidae
DUI0811TUSI2;2;DUI;Watussi;Bos;Bovidae
DUI0811TUSI3;2;DUI;Watussi;Bos;Bovidae
FRA1411WILD10;2;FRA;Wildhund;Lycaon;Canidae
FRA1411WILD11;2;FRA;Wildhund;Lycaon;Canidae
FRA1411WILD7;2;FRA;Wildhund;Lycaon;Canidae
FRA1411WILD8;2;FRA;Wildhund;Lycaon;Canidae
FRA1411WILD9;2;FRA;Wildhund;Lycaon;Canidae
DUI0811WOMB1;2;DUI;Wombat;Vombatus;Vombatidae
DUI0811WOMB2;2;DUI;Wombat;Vombatus;Vombatidae
DUI0811WOMB3;2;DUI;Wombat;Vombatus;Vombatidae
DUI0811WOMB4;2;DUI;Wombat;Vombatus;Vombatidae
DUI1607ELEF1;3;DUI;AfrikElefant;Loxodonta;Elephantidae
DUI1607ELEF2;3;DUI;AfrikElefant;Loxodonta;Elephantidae
DUI1607ELEF3;3;DUI;AfrikElefant;Loxodonta;Elephantidae
DUI1607TEUF1;3;DUI;Beutelteufel;Sarcophilus;Dasyuridae
DUI1607TEUF2;3;DUI;Beutelteufel;Sarcophilus;Dasyuridae
DUI1607TEUF3;3;DUI;Beutelteufel;Sarcophilus;Dasyuridae
WUP1507BONG1;3;WUP;Bongo;Tragelaphus;Bovidae
WUP1507BONG2;3;WUP;Bongo;Tragelaphus;Bovidae
WUP1507BONG3;3;WUP;Bongo;Tragelaphus;Bovidae
HEI0107BAERS;3;HEI;Braunbaer;Ursus;Ursidae
HEI1206BAERS;3;HEI;Braunbaer;Ursus;Ursidae
HEI1710BAERW;3;HEI;Braunbaer;Ursus;Ursidae
HEI1908BAERS;3;HEI;Braunbaer;Ursus;Ursidae
HEI1908BAERK;3;HEI;Braunbaer;Ursus;Ursidae
HEI1909BAERS;3;HEI;Braunbaer;Ursus;Ursidae
GEL0910BRAU1;3;GEL;Braunbaer;Ursus;Ursidae
GEL0910BRAU2;3;GEL;Braunbaer;Ursus;Ursidae
GEL0910BRAU3;3;GEL;Braunbaer;Ursus;Ursidae
GEL0910BRAU4;3;GEL;Braunbaer;Ursus;Ursidae
GEL0910KAMT1;3;GEL;Braunbaer;Ursus;Ursidae
GEL0910KAMT2;3;GEL;Braunbaer;Ursus;Ursidae
GEL0910KAMT3;3;GEL;Braunbaer;Ursus;Ursidae
DUI1010NASH1;3;DUI;Breitmaulnashorn;Ceratotherium;Rhinocerotidae
DUI1607NASHS;3;DUI;Breitmaulnashorn;Ceratotherium;Rhinocerotidae
GEL0910NASH1;3;GEL;Breitmaulnashorn;Ceratotherium;Rhinocerotidae
GEL0910NASH2;3;GEL;Breitmaulnashorn;Ceratotherium;Rhinocerotidae
GEL1707NASH1;3;GEL;Breitmaulnashorn;Ceratotherium;Rhinocerotidae
GEL1707NASH2;3;GEL;Breitmaulnashorn;Ceratotherium;Rhinocerotidae
GEL1707NASH3;3;GEL;Breitmaulnashorn;Ceratotherium;Rhinocerotidae
GEL0910EISB1;3;GEL;Eisbaer;Ursus;Ursidae
GEL0910EISB2;3;GEL;Eisbaer;Ursus;Ursidae
GEL0910EISB3;3;GEL;Eisbaer;Ursus;Ursidae
DOR1607ELEN1;3;DOR;Elenantilope;Tragelaphus;Bovidae
DOR1607ELEN2;3;DOR;Elenantilope;Tragelaphus;Bovidae
DOR1607ELEN3;3;DOR;Elenantilope;Tragelaphus;Bovidae
GEL0910ERDM1;3;GEL;Erdmaennchen;Suricata;Herpestidae
GEL0910ERDM2;3;GEL;Erdmaennchen;Suricata;Herpestidae
GEL0910ERDM3;3;GEL;Erdmaennchen;Suricata;Herpestidae
GEL0910FLUS1;3;GEL;Flusspferd;Hippopotamus;Hippopotamidae
GEL0910FLUS2;3;GEL;Flusspferd;Hippopotamus;Hippopotamidae
GEL0910FLUS3;3;GEL;Flusspferd;Hippopotamus;Hippopotamidae
DUI1607FOSA1;3;DUI;Fossa;Cryptoprocta;Felidae
DUI1607FOSA2;3;DUI;Fossa;Cryptoprocta;Felidae
DUI1607FOSA3;3;DUI;Fossa;Cryptoprocta;Felidae
NKN3007FOSA1;3;NKN;Fossa;Cryptoprocta;Felidae
NKN3007FOSA2;3;NKN;Fossa;Cryptoprocta;Felidae
DOR1607GIRA1;3;DOR;Giraffe;Giraffa;Giraffidae
DOR1607GIRA2;3;DOR;Giraffe;Giraffa;Giraffidae
DOR1607GIRA3;3;DOR;Giraffe;Giraffa;Giraffidae
FRA0507GIRA1;3;FRA;Giraffe;Giraffa;Giraffidae
FRA0507GIRA2;3;FRA;Giraffe;Giraffa;Giraffidae
GEL1707GIRA1;3;GEL;Giraffe;Giraffa;Giraffidae
GEL1707GIRA2;3;GEL;Giraffe;Giraffa;Giraffidae
GEL1707GIRA3;3;GEL;Giraffe;Giraffa;Giraffidae
GEL1707GIRA4;3;GEL;Giraffe;Giraffa;Giraffidae
GEL1707GIRA5;3;GEL;Giraffe;Giraffa;Giraffidae
GEL1707GIRA6;3;GEL;Giraffe;Giraffa;Giraffidae
GEL1707GIRA7;3;GEL;Giraffe;Giraffa;Giraffidae
GEL1707GIRA8;3;GEL;Giraffe;Giraffa;Giraffidae
KLN1707GIRA1;3;KLN;Giraffe;Giraffa;Giraffidae
KLN1707GIRA2;3;KLN;Giraffe;Giraffa;Giraffidae
KLN1707GIRA3;3;KLN;Giraffe;Giraffa;Giraffidae
KLN1707GIRA4;3;KLN;Giraffe;Giraffa;Giraffidae
LAN0606GNUS1;3;LAN;Gnu;Connochaetes;Bovidae
LAN0606GNUS2;3;LAN;Gnu;Connochaetes;Bovidae
LAN0606GNUS3;3;LAN;Gnu;Connochaetes;Bovidae
LAN0606GNUS4;3;LAN;Gnu;Connochaetes;Bovidae
NEU1507GNUS1;3;NEU;Gnu;Connochaetes;Bovidae
FRA0507GORI1;3;FRA;Gorilla;Gorilla;Homininae
FRA0507GORI2;3;FRA;Gorilla;Gorilla;Homininae
GEL0910IMPA1;3;GEL;Impala;Aepyceros;Bovidae
GEL0910IMPA2;3;GEL;Impala;Aepyceros;Bovidae
GEL0910IMPA3;3;GEL;Impala;Aepyceros;Bovidae
GEL0910IMPA4;3;GEL;Impala;Aepyceros;Bovidae
FRA1807KANI1;3;FRA;Kaninchen;Oryctolagus;Leporidae
FRA2508KANI1;3;FRA;Kaninchen;Oryctolagus;Leporidae
FRA2508KANI2;3;FRA;Kaninchen;Oryctolagus;Leporidae
FRA3007KANI1;3;FRA;Kaninchen;Oryctolagus;Leporidae
FRA3007KANI2;3;FRA;Kaninchen;Oryctolagus;Leporidae
DUI1607KOLA1;3;DUI;Koala;Phascolartos;Phascolarctidae
DUI1607KOLA2;3;DUI;Koala;Phascolartos;Phascolarctidae
DUI1010KUOT1;3;DUI;Kurzkrallenotter;Aonyx;Mustelidae
GEL0910KUOT1;3;GEL;Kurzkrallenotter;Aonyx;Mustelidae
GEL0910KUOT2;3;GEL;Kurzkrallenotter;Aonyx;Mustelidae
GEL0910KUOT3;3;GEL;Kurzkrallenotter;Aonyx;Mustelidae
DUI1607GGLAS;3;DUI;Loewenaffe;Leontopithecus;Callitrichidae
FRA0507GGLA1;3;FRA;Loewenaffe;Leontopithecus;Callitrichidae
FRA0507GGLA2;3;FRA;Loewenaffe;Leontopithecus;Callitrichidae
FRA0507GGLA3;3;FRA;Loewenaffe;Leontopithecus;Callitrichidae
KLN1707GGLAS;3;KLN;Loewenaffe;Leontopithecus;Callitrichidae
FRA0507OKAP1;3;FRA;Okapi;Okapia;Giraffidae
FRA0507OKAP2;3;FRA;Okapi;Okapia;Giraffidae
FRA0507OKAP3;3;FRA;Okapi;Okapia;Giraffidae
KLN1707OKAP1;3;KLN;Okapi;Okapia;Giraffidae
KLN1707OKAP2;3;KLN;Okapi;Okapia;Giraffidae
KLN1707OKAP3;3;KLN;Okapi;Okapia;Giraffidae
WUP1507OKAP1;3;WUP;Okapi;Okapia;Giraffidae
WUP1507OKAP2;3;WUP;Okapi;Okapia;Giraffidae
WUP1507OKAP3;3;WUP;Okapi;Okapia;Giraffidae
WUP1507OKAP4;3;WUP;Okapi;Okapia;Giraffidae
WUP1507OKAP5;3;WUP;Okapi;Okapia;Giraffidae
DUI1607ORAN1;3;DUI;Orang-Utan;Pongo;Homininae
DUI1607ORAN2;3;DUI;Orang-Utan;Pongo;Homininae
GEL0910ORAN2;3;GEL;Orang-Utan;Pongo;Homininae
KLN1707ORAN1;3;KLN;Orang-Utan;Pongo;Homininae
KLN1707ORAN2;3;KLN;Orang-Utan;Pongo;Homininae
DUI1010PINS1;3;DUI;Pinselohrschwein;Potamochoerus;Suidae
DUI1010RENT1;3;DUI;Rentier;Rangifer;Cervidae
GEL0910RENT1;3;GEL;Rentier;Rangifer;Cervidae
GEL0910RENT2;3;GEL;Rentier;Rangifer;Cervidae
GEL0910RENT3;3;GEL;Rentier;Rangifer;Cervidae
DOR1607RKAE1;3;DOR;Riesenkaenguru;Osphranter;Macropodidae
DOR1607RKAE2;3;DOR;Riesenkaenguru;Osphranter;Macropodidae
DOR1607RKAE3;3;DOR;Riesenkaenguru;Osphranter;Macropodidae
FRA0507NASHS;3;FRA;Spitzmaulnashorn;Diceros;Rhinocerotidae
KLN1707NASHS;3;KLN;Spitzmaulnashorn;Diceros;Rhinocerotidae
DOR1607ZEBR1;3;DOR;Steppenzebra;Equus;Equidae
DOR1607ZEBR2;3;DOR;Steppenzebra;Equus;Equidae
DOR1607ZEBR3;3;DOR;Steppenzebra;Equus;Equidae
WUP1507ZEBR1;3;WUP;Steppenzebra;Equus;Equidae
WUP1507ZEBR2;3;WUP;Steppenzebra;Equus;Equidae
WUP1507ZEBR3;3;WUP;Steppenzebra;Equus;Equidae
NEU1507TAP1S;3;NEU;Tapir;Tapirus;Tapiridae
DUI1607TAPI1;3;DUI;Tapir;Tapirus;Tapiridae
DUI1607TAPI2;3;DUI;Tapir;Tapirus;Tapiridae
KLN1707TAPIS;3;KLN;Tapir;Tapirus;Tapiridae
NEU1908TAPIS;3;NEU;Tapir;Tapirus;Tapiridae
HEI0107TIGAS;3;HEI;Tiger;Panthera;Felidae
HEI0209TIGAS;3;HEI;Tiger;Panthera;Felidae
HEI1206TIGA1;3;HEI;Tiger;Panthera;Felidae
HEI1206TIGA2;3;HEI;Tiger;Panthera;Felidae
HEI1907TIGAS;3;HEI;Tiger;Panthera;Felidae
HEI1908TIGAS;3;HEI;Tiger;Panthera;Felidae
HEI0208TIGRW;3;HEI;Tiger;Panthera;Felidae
KLN1707VARI1;3;KLN;Vari;Varecia;Lemuridae
KLN1707VARI2;3;KLN;Vari;Varecia;Lemuridae
NEU1507VARI1;3;NEU;Vari;Varecia;Lemuridae
NEU1507VARI2;3;NEU;Vari;Varecia;Lemuridae
NEU1507VARI3;3;NEU;Vari;Varecia;Lemuridae
NEU1507TUSI1;3;NEU;Watussi;Bos;Bovidae
NEU1507TUSI2;3;NEU;Watussi;Bos;Bovidae
NEU1507TUSI3;3;NEU;Watussi;Bos;Bovidae
NEU1609TUSI1;3;NEU;Watussi;Bos;Bovidae
NEU1609TUSI2;3;NEU;Watussi;Bos;Bovidae
NEU1908TUSIS;3;NEU;Watussi;Bos;Bovidae
NEU2810TUSIS;3;NEU;Watussi;Bos;Bovidae
BE0503ZEBR5;4;BER;Bergzebra;Equus;Equidae
BER0403ZEBR1;4;BER;Bergzebra;Equus;Equidae
BER0403ZEBR2;4;BER;Bergzebra;Equus;Equidae
BER0403ZEBR3;4;BER;Bergzebra;Equus;Equidae
BER0403ZEBR4;4;BER;Bergzebra;Equus;Equidae
BER0403ZEBR5;4;BER;Bergzebra;Equus;Equidae
BER0403ZEBR6;4;BER;Bergzebra;Equus;Equidae
BER0403ZEBR7;4;BER;Bergzebra;Equus;Equidae
BER0403ZEBR8;4;BER;Bergzebra;Equus;Equidae
BER0503ZEBR1;4;BER;Bergzebra;Equus;Equidae
BER0503ZEBR2;4;BER;Bergzebra;Equus;Equidae
BER0503ZEBR3;4;BER;Bergzebra;Equus;Equidae
BER0503ZEBR4;4;BER;Bergzebra;Equus;Equidae
BER0503ZEBR6;4;BER;Bergzebra;Equus;Equidae
BER0503ZEBR7;4;BER;Bergzebra;Equus;Equidae
BER0503ZEBR8;4;BER;Bergzebra;Equus;Equidae
BER0603ZEBR1;4;BER;Bergzebra;Equus;Equidae
BER0603ZEBR2;4;BER;Bergzebra;Equus;Equidae
BER0603ZEBR3;4;BER;Bergzebra;Equus;Equidae
BER0603ZEBR4;4;BER;Bergzebra;Equus;Equidae
BER0603ZEBR5;4;BER;Bergzebra;Equus;Equidae
BER0603ZEBR6;4;BER;Bergzebra;Equus;Equidae
BER0603ZEBR7;4;BER;Bergzebra;Equus;Equidae
BER0603ZEBR8;4;BER;Bergzebra;Equus;Equidae
LAN0108ZEBR1;4;LAN;Bergzebra;Equus;Equidae
LAN0108ZEBR2;4;LAN;Bergzebra;Equus;Equidae
LAN0208ZEBR1;4;LAN;Bergzebra;Equus;Equidae
LAN0208ZEBR2;4;LAN;Bergzebra;Equus;Equidae
LAN0308ZEBR1;4;LAN;Bergzebra;Equus;Equidae
LAN0308ZEBR2;4;LAN;Bergzebra;Equus;Equidae
LAN2707ZEBR1;4;LAN;Bergzebra;Equus;Equidae
LAN2707ZEBR2;4;LAN;Bergzebra;Equus;Equidae
LAN2807ZEBR1;4;LAN;Bergzebra;Equus;Equidae
LAN2807ZEBR2;4;LAN;Bergzebra;Equus;Equidae
LAN2907ZEBR1;4;LAN;Bergzebra;Equus;Equidae
LAN2907ZEBR2;4;LAN;Bergzebra;Equus;Equidae
LAN3007ZEBR1;4;LAN;Bergzebra;Equus;Equidae
LAN3007ZEBR2;4;LAN;Bergzebra;Equus;Equidae
LAN3107ZEBR1;4;LAN;Bergzebra;Equus;Equidae
LAN3107ZEBR2;4;LAN;Bergzebra;Equus;Equidae
KLN1605BAERS;4;KLN;Braunbaer;Ursus;Ursidae
KLN1705BAERS;4;KLN;Braunbaer;Ursus;Ursidae
KLN1805BAERS;4;KLN;Braunbaer;Ursus;Ursidae
KLN1905BAERS;4;KLN;Braunbaer;Ursus;Ursidae
KLN2005BAERS;4;KLN;Braunbaer;Ursus;Ursidae
KLN2105BAERS;4;KLN;Braunbaer;Ursus;Ursidae
KLN2205BAERS;4;KLN;Braunbaer;Ursus;Ursidae
SCH2505BAER1;4;SCH;Braunbaer;Ursus;Ursidae
SCH2505BAER2;4;SCH;Braunbaer;Ursus;Ursidae
SCH2605BAER1;4;SCH;Braunbaer;Ursus;Ursidae
SCH2605BAER2;4;SCH;Braunbaer;Ursus;Ursidae
SCH2705BAER1;4;SCH;Braunbaer;Ursus;Ursidae
SCH2705BAER2;4;SCH;Braunbaer;Ursus;Ursidae
SCH2805BAER1;4;SCH;Braunbaer;Ursus;Ursidae
SCH2805BAER2;4;SCH;Braunbaer;Ursus;Ursidae
SCH2905BAER1;4;SCH;Braunbaer;Ursus;Ursidae
SCH2905BAER2;4;SCH;Braunbaer;Ursus;Ursidae
SCH3005BAERS;4;SCH;Braunbaer;Ursus;Ursidae
DOR2702NASH1;4;DOR;Breitmaulnashorn;Ceratotherium;Rhinocerotidae
DOR2702NASH2;4;DOR;Breitmaulnashorn;Ceratotherium;Rhinocerotidae
DOR2702NASH3;4;DOR;Breitmaulnashorn;Ceratotherium;Rhinocerotidae
DOR2702NASH4;4;DOR;Breitmaulnashorn;Ceratotherium;Rhinocerotidae
SCH2905NASHS;4;SCH;Breitmaulnashorn;Ceratotherium;Rhinocerotidae
SCH2905NASH1;4;SCH;Breitmaulnashorn;Ceratotherium;Rhinocerotidae
SCH2905NASH2;4;SCH;Breitmaulnashorn;Ceratotherium;Rhinocerotidae
BEZ0603EISBS;4;BEZ;Eisbaer;Ursus;Ursidae
BEZ2505EISBS;4;BEZ;Eisbaer;Ursus;Ursidae
BEZ2605EISBS;4;BEZ;Eisbaer;Ursus;Ursidae
NUR0503EISBS;4;NUR;Eisbaer;Ursus;Ursidae
BEZ0603ELEN1;4;BEZ;Elenantilope;Tragelaphus;Bovidae
BEZ0603ELEN2;4;BEZ;Elenantilope;Tragelaphus;Bovidae
BEZ0603ELEN3;4;BEZ;Elenantilope;Tragelaphus;Bovidae
BEZ0603ELEN4;4;BEZ;Elenantilope;Tragelaphus;Bovidae
BEZ0603ELEN5;4;BEZ;Elenantilope;Tragelaphus;Bovidae
BEZ2505ELEN1;4;BEZ;Elenantilope;Tragelaphus;Bovidae
BEZ2505ELEN2;4;BEZ;Elenantilope;Tragelaphus;Bovidae
BEZ2505ELEN3;4;BEZ;Elenantilope;Tragelaphus;Bovidae
BEZ2505ELEN4;4;BEZ;Elenantilope;Tragelaphus;Bovidae
BEZ2605ELEN1;4;BEZ;Elenantilope;Tragelaphus;Bovidae
BEZ2605ELEN2;4;BEZ;Elenantilope;Tragelaphus;Bovidae
BEZ2605ELEN3;4;BEZ;Elenantilope;Tragelaphus;Bovidae
BEZ2605ELEN4;4;BEZ;Elenantilope;Tragelaphus;Bovidae
BEZ2605ELEN5;4;BEZ;Elenantilope;Tragelaphus;Bovidae
NUR0503ELEN1;4;NUR;Elenantilope;Tragelaphus;Bovidae
NUR0503ELEN2;4;NUR;Elenantilope;Tragelaphus;Bovidae
NUR0503ELEN3;4;NUR;Elenantilope;Tragelaphus;Bovidae
NUR0503ELEN4;4;NUR;Elenantilope;Tragelaphus;Bovidae
BEZ2505ERDM1;4;BEZ;Erdmaennchen;Suricata;Herpestidae
BEZ2505ERDM2;4;BEZ;Erdmaennchen;Suricata;Herpestidae
BEZ2605ERDM1;4;BEZ;Erdmaennchen;Suricata;Herpestidae
BEZ2605ERDM2;4;BEZ;Erdmaennchen;Suricata;Herpestidae
KLN1905ERDM1;4;KLN;Erdmaennchen;Suricata;Herpestidae
KLN1905ERDM2;4;KLN;Erdmaennchen;Suricata;Herpestidae
KLN2005ERDM1;4;KLN;Erdmaennchen;Suricata;Herpestidae
KLN2005ERDM2;4;KLN;Erdmaennchen;Suricata;Herpestidae
OPE0603ERDM1;4;OPE;Erdmaennchen;Suricata;Herpestidae
OPE0603ERDM2;4;OPE;Erdmaennchen;Suricata;Herpestidae
OPE0603ERDM3;4;OPE;Erdmaennchen;Suricata;Herpestidae
SCH2805ERDM1;4;SCH;Erdmaennchen;Suricata;Herpestidae
SCH2805ERDM2;4;SCH;Erdmaennchen;Suricata;Herpestidae
SCH2805ERDM3;4;SCH;Erdmaennchen;Suricata;Herpestidae
SCH2905ERDMS;4;SCH;Erdmaennchen;Suricata;Herpestidae
HEI1103ERD1;4;HEI;Erdmaennchen;Suricata;Herpestidae
HEI1203ERD2;4;HEI;Erdmaennchen;Suricata;Herpestidae
HEI1103FOSAS;4;HEI;Fossa;Cryptoprocta;Felidae
HEI1203FOSAS;4;HEI;Fossa;Cryptoprocta;Felidae
NKN1008FOSA1;4;NKN;Fossa;Cryptoprocta;Felidae
NKN1008FOSA2;4;NKN;Fossa;Cryptoprocta;Felidae
BEZ0603GIRA1;4;BEZ;Giraffe;Giraffa;Giraffidae
BEZ0603GIRA2;4;BEZ;Giraffe;Giraffa;Giraffidae
DOR2702GIRA1;4;DOR;Giraffe;Giraffa;Giraffidae
DOR2702GIRA2;4;DOR;Giraffe;Giraffa;Giraffidae
OPE0906GNU1S;4;OPE;Gnu;Connochaetes;Bovidae
OPE1006GNU1S;4;OPE;Gnu;Connochaetes;Bovidae
OPE1606GNU1S;4;OPE;Gnu;Connochaetes;Bovidae
OPE1706GNU1S;4;OPE;Gnu;Connochaetes;Bovidae
OPE1806GNU1S;4;OPE;Gnu;Connochaetes;Bovidae
OPE1906GNU1S;4;OPE;Gnu;Connochaetes;Bovidae
OPE0906GNU2S;4;OPE;Gnu;Connochaetes;Bovidae
OPE1006GNU2S;4;OPE;Gnu;Connochaetes;Bovidae
OPE1606GNU2S;4;OPE;Gnu;Connochaetes;Bovidae
OPE1706GNU2S;4;OPE;Gnu;Connochaetes;Bovidae
OPE1806GNU2S;4;OPE;Gnu;Connochaetes;Bovidae
OPE1906GNU2S;4;OPE;Gnu;Connochaetes;Bovidae
LAN0108GNUS1;4;LAN;Gnu;Connochaetes;Bovidae
LAN0108GNUS2;4;LAN;Gnu;Connochaetes;Bovidae
LAN0108GNUS3;4;LAN;Gnu;Connochaetes;Bovidae
LAN0208GNUS1;4;LAN;Gnu;Connochaetes;Bovidae
LAN0208GNUS2;4;LAN;Gnu;Connochaetes;Bovidae
LAN0208GNUS3;4;LAN;Gnu;Connochaetes;Bovidae
LAN0308GNUS1;4;LAN;Gnu;Connochaetes;Bovidae
LAN0308GNUS2;4;LAN;Gnu;Connochaetes;Bovidae
LAN0308GNUS3;4;LAN;Gnu;Connochaetes;Bovidae
LAN2707GNUS1;4;LAN;Gnu;Connochaetes;Bovidae
LAN2707GNUS2;4;LAN;Gnu;Connochaetes;Bovidae
LAN2707GNUS3;4;LAN;Gnu;Connochaetes;Bovidae
LAN2807GNUS1;4;LAN;Gnu;Connochaetes;Bovidae
LAN2807GNUS2;4;LAN;Gnu;Connochaetes;Bovidae
LAN2807GNUS3;4;LAN;Gnu;Connochaetes;Bovidae
LAN2907GNUS1;4;LAN;Gnu;Connochaetes;Bovidae
LAN2907GNUS2;4;LAN;Gnu;Connochaetes;Bovidae
LAN2907GNUS3;4;LAN;Gnu;Connochaetes;Bovidae
LAN3007GNUS1;4;LAN;Gnu;Connochaetes;Bovidae
LAN3007GNUS2;4;LAN;Gnu;Connochaetes;Bovidae
LAN3007GNUS3;4;LAN;Gnu;Connochaetes;Bovidae
LAN3107GNUS1;4;LAN;Gnu;Connochaetes;Bovidae
LAN3107GNUS2;4;LAN;Gnu;Connochaetes;Bovidae
LAN3107GNUS3;4;LAN;Gnu;Connochaetes;Bovidae
BEZ0603ZEBR1;4;BEZ;Grevyzebra;Equus;Equidae
BEZ0603ZEBR2;4;BEZ;Grevyzebra;Equus;Equidae
BEZ0603ZEBR3;4;BEZ;Grevyzebra;Equus;Equidae
BEZ0603ZEBR4;4;BEZ;Grevyzebra;Equus;Equidae
BEZ0603ZEBR5;4;BEZ;Grevyzebra;Equus;Equidae
BEZ0603ZEBR6;4;BEZ;Grevyzebra;Equus;Equidae
KLN1805ZEBR1;4;KLN;Grevyzebra;Equus;Equidae
KLN1805ZEBR2;4;KLN;Grevyzebra;Equus;Equidae
KLN1805ZEBR3;4;KLN;Grevyzebra;Equus;Equidae
KLN1905ZEBR1;4;KLN;Grevyzebra;Equus;Equidae
KLN1905ZEBR2;4;KLN;Grevyzebra;Equus;Equidae
LEI2602ZEBR;4;LEI;Grevyzebra;Equus;Equidae
BEZ0603OKAP1;4;BEZ;Okapi;Okapia;Giraffidae
BEZ0603OKAP2;4;BEZ;Okapi;Okapia;Giraffidae
LEI2602OKAP1;4;LEI;Okapi;Okapia;Giraffidae
LEI2602OKAP2;4;LEI;Okapi;Okapia;Giraffidae
BER0403PAND;4;BER;Roter_Panda;Ailurus;Ailuridae
BER0503PANDS;4;BER;Roter_Panda;Ailurus;Ailuridae
BEZ0603NASH1;4;BEZ;Spitzmaulnashorn;Diceros;Rhinocerotidae
BEZ2505NASH1;4;BEZ;Spitzmaulnashorn;Diceros;Rhinocerotidae
BEZ2505NASH2;4;BEZ;Spitzmaulnashorn;Diceros;Rhinocerotidae
BEZ2605NASH1;4;BEZ;Spitzmaulnashorn;Diceros;Rhinocerotidae
BEZ2605NASH2;4;BEZ;Spitzmaulnashorn;Diceros;Rhinocerotidae
KLN1905NASH1;4;KLN;Spitzmaulnashorn;Diceros;Rhinocerotidae
KLN2005NASH1;4;KLN;Spitzmaulnashorn;Diceros;Rhinocerotidae
KLN2005NASH2;4;KLN;Spitzmaulnashorn;Diceros;Rhinocerotidae
LEI2602NASH1;4;LEI;Spitzmaulnashorn;Diceros;Rhinocerotidae
LEI2602NASH2;4;LEI;Spitzmaulnashorn;Diceros;Rhinocerotidae
DOR2702ZEBR1;4;DOR;Steppenzebra;Equus;Equidae
DOR2702ZEBR2;4;DOR;Steppenzebra;Equus;Equidae
DOR2702ZEBR3;4;DOR;Steppenzebra;Equus;Equidae
HEI2002ZEBR1;4;HEI;Steppenzebra;Equus;Equidae
HEI2002ZEBR2;4;HEI;Steppenzebra;Equus;Equidae
HEI2002ZEBR3;4;HEI;Steppenzebra;Equus;Equidae
OPE0506ZEBRS;4;OPE;Steppenzebra;Equus;Equidae
OPE1006ZEBRS;4;OPE;Steppenzebra;Equus;Equidae
OPE1606ZEBRS;4;OPE;Steppenzebra;Equus;Equidae
OPE1706ZEBRS;4;OPE;Steppenzebra;Equus;Equidae
OPE1806ZEBRS;4;OPE;Steppenzebra;Equus;Equidae
OPE1906ZEBRS;4;OPE;Steppenzebra;Equus;Equidae
BER0403WALD;4;BER;Waldhund;Speothos;Canidae
BER0503WALDS;4;BER;Waldhund;Speothos;Canidae
BEZ2505TUSI1;4;BEZ;Watussi;Bos;Bovidae
BEZ2505TUSI2;4;BEZ;Watussi;Bos;Bovidae
BEZ2505TUSI3;4;BEZ;Watussi;Bos;Bovidae
BEZ2605TUSI1;4;BEZ;Watussi;Bos;Bovidae
BEZ2605TUSI2;4;BEZ;Watussi;Bos;Bovidae
BEZ0603WILD1;4;BEZ;Wildhund;Lycaon;Canidae
BEZ0603WILD2;4;BEZ;Wildhund;Lycaon;Canidae
BEZ2505WILD1;4;BEZ;Wildhund;Lycaon;Canidae
BEZ2505WILD2;4;BEZ;Wildhund;Lycaon;Canidae
BEZ2605WILD1;4;BEZ;Wildhund;Lycaon;Canidae
BEZ2605WILD2;4;BEZ;Wildhund;Lycaon;Canidae
WUP2301ELEF1;5;WUP;AfrikElefant;Loxodonta;Elephantidae
WUP2301ELEF2;5;WUP;AfrikElefant;Loxodonta;Elephantidae
WUP2301ELEF3;5;WUP;AfrikElefant;Loxodonta;Elephantidae
WUP2301ELEF4;5;WUP;AfrikElefant;Loxodonta;Elephantidae
WUP2301ELEF5;5;WUP;AfrikElefant;Loxodonta;Elephantidae
LAN1312ZEBR1;5;LAN;Bergzebra;Equus;Equidae
LAN1312ZEBR2;5;LAN;Bergzebra;Equus;Equidae
LAN1412ZEBR1;5;LAN;Bergzebra;Equus;Equidae
LAN1412ZEBR2;5;LAN;Bergzebra;Equus;Equidae
LAN1511ZEBR1;5;LAN;Bergzebra;Equus;Equidae
LAN1511ZEBR2;5;LAN;Bergzebra;Equus;Equidae
LAN1612ZEBR1;5;LAN;Bergzebra;Equus;Equidae
LAN1612ZEBR2;5;LAN;Bergzebra;Equus;Equidae
LAN1711ZEBR1;5;LAN;Bergzebra;Equus;Equidae
LAN1711ZEBR2;5;LAN;Bergzebra;Equus;Equidae
LAN1811ZEBR1;5;LAN;Bergzebra;Equus;Equidae
LAN1811ZEBR2;5;LAN;Bergzebra;Equus;Equidae
LAN1911ZEBR1;5;LAN;Bergzebra;Equus;Equidae
LAN1911ZEBR2;5;LAN;Bergzebra;Equus;Equidae
LAN2011ZEBR1;5;LAN;Bergzebra;Equus;Equidae
LAN2011ZEBR2;5;LAN;Bergzebra;Equus;Equidae
HEI0911BAER1;5;HEI;Braunbaer;Ursus;Ursidae
HEI0911BAER2;5;HEI;Braunbaer;Ursus;Ursidae
HEI1011BAER1;5;HEI;Braunbaer;Ursus;Ursidae
HEI1011BAER2;5;HEI;Braunbaer;Ursus;Ursidae
HEI1111BAER1;5;HEI;Braunbaer;Ursus;Ursidae
HEI1111BAER2;5;HEI;Braunbaer;Ursus;Ursidae
HEI1211BAER1;5;HEI;Braunbaer;Ursus;Ursidae
HEI1211BAER2;5;HEI;Braunbaer;Ursus;Ursidae
HEI1311BAER1;5;HEI;Braunbaer;Ursus;Ursidae
HEI1311BAER2;5;HEI;Braunbaer;Ursus;Ursidae
HEI1411BAER1;5;HEI;Braunbaer;Ursus;Ursidae
HEI1411BAER2;5;HEI;Braunbaer;Ursus;Ursidae
HEI1511BAER1;5;HEI;Braunbaer;Ursus;Ursidae
HEI1511BAER2;5;HEI;Braunbaer;Ursus;Ursidae
HEI1611BAER2;5;HEI;Braunbaer;Ursus;Ursidae
SCH1211BAER1;5;SCH;Braunbaer;Ursus;Ursidae
SCH1211BAER2;5;SCH;Braunbaer;Ursus;Ursidae
SCH1311BAER1;5;SCH;Braunbaer;Ursus;Ursidae
SCH1311BAER2;5;SCH;Braunbaer;Ursus;Ursidae
SCH1411BAER1;5;SCH;Braunbaer;Ursus;Ursidae
SCH1411BAER2;5;SCH;Braunbaer;Ursus;Ursidae
SCH1511BAER1;5;SCH;Braunbaer;Ursus;Ursidae
SCH1511BAER2;5;SCH;Braunbaer;Ursus;Ursidae
SCH1611BAER1;5;SCH;Braunbaer;Ursus;Ursidae
SCH1611BAER2;5;SCH;Braunbaer;Ursus;Ursidae
SCH1711BAER1;5;SCH;Braunbaer;Ursus;Ursidae
SCH1711BAER2;5;SCH;Braunbaer;Ursus;Ursidae
SCH1811BAER1;5;SCH;Braunbaer;Ursus;Ursidae
SCH1811BAER2;5;SCH;Braunbaer;Ursus;Ursidae
SCH1911BAER1;5;SCH;Braunbaer;Ursus;Ursidae
SCH1911BAER2;5;SCH;Braunbaer;Ursus;Ursidae
KLN2802FLUS1;5;KLN;Flusspferd;Hippopotamus;Hippopotamidae
KLN2802FLUS2;5;KLN;Flusspferd;Hippopotamus;Hippopotamidae
KLN2802FLUS3;5;KLN;Flusspferd;Hippopotamus;Hippopotamidae
KLN2802FLUS4;5;KLN;Flusspferd;Hippopotamus;Hippopotamidae
KLN2802FLUS5;5;KLN;Flusspferd;Hippopotamus;Hippopotamidae
LAN1512GEPA2;5;LAN;Gepard;Acinonyx;Felidae
LAN1612GEPA1;5;LAN;Gepard;Acinonyx;Felidae
LAN1712GEPA2;5;LAN;Gepard;Acinonyx;Felidae
LAN1812GEPA1;5;LAN;Gepard;Acinonyx;Felidae
NEU0611GEPAS;5;NEU;Gepard;Acinonyx;Felidae
NEU0711GEPAS;5;NEU;Gepard;Acinonyx;Felidae
NEU0811GEPAS;5;NEU;Gepard;Acinonyx;Felidae
NEU0911GEPAS;5;NEU;Gepard;Acinonyx;Felidae
NEU1011GEPAS;5;NEU;Gepard;Acinonyx;Felidae
LAN1312GNUS1;5;LAN;Gnu;Connochaetes;Bovidae
LAN1312GNUS2;5;LAN;Gnu;Connochaetes;Bovidae
LAN1412GNUS1;5;LAN;Gnu;Connochaetes;Bovidae
LAN1412GNUS2;5;LAN;Gnu;Connochaetes;Bovidae
LAN1512GNUS1;5;LAN;Gnu;Connochaetes;Bovidae
LAN1512GNUS2;5;LAN;Gnu;Connochaetes;Bovidae
LAN1612GNUS1;5;LAN;Gnu;Connochaetes;Bovidae
LAN1612GNUS2;5;LAN;Gnu;Connochaetes;Bovidae
LAN1712GNUS1;5;LAN;Gnu;Connochaetes;Bovidae
LAN1712GNUS2;5;LAN;Gnu;Connochaetes;Bovidae
LAN1812GNUS1;5;LAN;Gnu;Connochaetes;Bovidae
LAN1812GNUS2;5;LAN;Gnu;Connochaetes;Bovidae
LAN1912GNUS1;5;LAN;Gnu;Connochaetes;Bovidae
LAN1912GNUS2;5;LAN;Gnu;Connochaetes;Bovidae
LAN2012GNUS1;5;LAN;Gnu;Connochaetes;Bovidae
LAN2012GNUS2;5;LAN;Gnu;Connochaetes;Bovidae
OPE0802GNUS1;5;OPE;Gnu;Connochaetes;Bovidae
OPE0802GNUS2;5;OPE;Gnu;Connochaetes;Bovidae
OPE0902GNUS1;5;OPE;Gnu;Connochaetes;Bovidae
OPE0902GNUS2;5;OPE;Gnu;Connochaetes;Bovidae
OPE1002GNUS1;5;OPE;Gnu;Connochaetes;Bovidae
OPE1002GNUS2;5;OPE;Gnu;Connochaetes;Bovidae
OPE1102GNUS1;5;OPE;Gnu;Connochaetes;Bovidae
OPE1102GNUS2;5;OPE;Gnu;Connochaetes;Bovidae
OPE1202GNUS1;5;OPE;Gnu;Connochaetes;Bovidae
OPE1202GNUS2;5;OPE;Gnu;Connochaetes;Bovidae
OPE1302GNUS1;5;OPE;Gnu;Connochaetes;Bovidae
OPE1302GNUS2;5;OPE;Gnu;Connochaetes;Bovidae
OPE1402GNUS1;5;OPE;Gnu;Connochaetes;Bovidae
OPE1402GNUS2;5;OPE;Gnu;Connochaetes;Bovidae
OPE1502GNUS1;5;OPE;Gnu;Connochaetes;Bovidae
OPE1502GNUS2;5;OPE;Gnu;Connochaetes;Bovidae
KLN2802GORI1;5;KLN;Gorilla;Gorilla;Homininae
KLN2802GORI2;5;KLN;Gorilla;Gorilla;Homininae
KLN2802GORI3;5;KLN;Gorilla;Gorilla;Homininae
KLN2802GORI4;5;KLN;Gorilla;Gorilla;Homininae
WUP2501GORI1;5;WUP;Gorilla;Gorilla;Homininae
WUP2501GORI2;5;WUP;Gorilla;Gorilla;Homininae
WUP2301EBER1;5;WUP;Hirscheber;Babyrousa;Suidae
WUP2301EBER2;5;WUP;Hirscheber;Babyrousa;Suidae
WUP2301EBER3;5;WUP;Hirscheber;Babyrousa;Suidae
WUP2301EBER4;5;WUP;Hirscheber;Babyrousa;Suidae
WUP2301EBER5;5;WUP;Hirscheber;Babyrousa;Suidae
KLN2802IMPA1;5;KLN;Impala;Aepyceros;Bovidae
KLN2802IMPA2;5;KLN;Impala;Aepyceros;Bovidae
KLN2802IMPA3;5;KLN;Impala;Aepyceros;Bovidae
KLN2802IMPA4;5;KLN;Impala;Aepyceros;Bovidae
KLN2802IMPA5;5;KLN;Impala;Aepyceros;Bovidae
LAN1412OTTAS;5;LAN;Kurzkrallenotter;Aonyx;Mustelidae
LAN1512OTTAS;5;LAN;Kurzkrallenotter;Aonyx;Mustelidae
LAN1612OTTAS;5;LAN;Kurzkrallenotter;Aonyx;Mustelidae
LAN1712OTTAS;5;LAN;Kurzkrallenotter;Aonyx;Mustelidae
LAN1812OTTAS;5;LAN;Kurzkrallenotter;Aonyx;Mustelidae
KLN2802PINS1;5;KLN;Pinselohrschwein;Potamochoerus;Suidae
KLN2802PINS2;5;KLN;Pinselohrschwein;Potamochoerus;Suidae
KLN2802PINS3;5;KLN;Pinselohrschwein;Potamochoerus;Suidae
KLN2802PINS4;5;KLN;Pinselohrschwein;Potamochoerus;Suidae
KLN2802PINS5;5;KLN;Pinselohrschwein;Potamochoerus;Suidae
LAN1212PINSS;5;LAN;Pinselohrschwein;Potamochoerus;Suidae
LAN1312PINSS;5;LAN;Pinselohrschwein;Potamochoerus;Suidae
LAN1412PINSS;5;LAN;Pinselohrschwein;Potamochoerus;Suidae
LAN1512PINSS;5;LAN;Pinselohrschwein;Potamochoerus;Suidae
LAN1612PINSS;5;LAN;Pinselohrschwein;Potamochoerus;Suidae
OPE0802ZEBR1;5;OPE;Steppenzebra;Equus;Equidae
OPE0902ZEBR1;5;OPE;Steppenzebra;Equus;Equidae
OPE1002ZEBR1;5;OPE;Steppenzebra;Equus;Equidae
OPE1102ZEBR1;5;OPE;Steppenzebra;Equus;Equidae
OPE1202ZEBR1;5;OPE;Steppenzebra;Equus;Equidae
OPE1302ZEBR1;5;OPE;Steppenzebra;Equus;Equidae
OPE1402ZEBR1;5;OPE;Steppenzebra;Equus;Equidae
OPE1502ZEBR1;5;OPE;Steppenzebra;Equus;Equidae
FRA1711TIGAS;5;FRA;Tiger;Panthera;Felidae
FRA1811TIGAS;5;FRA;Tiger;Panthera;Felidae
FRA1911TIGAS;5;FRA;Tiger;Panthera;Felidae
FRA2011TIGAS;5;FRA;Tiger;Panthera;Felidae
FRA2111TIGAS;5;FRA;Tiger;Panthera;Felidae
FRA2211TIGAS;5;FRA;Tiger;Panthera;Felidae
FRA2311TIGAS;5;FRA;Tiger;Panthera;Felidae
FRA2411TIGAS;5;FRA;Tiger;Panthera;Felidae
KLN2802TIGA1;5;KLN;Tiger;Panthera;Felidae
KLN2802TIGA2;5;KLN;Tiger;Panthera;Felidae
KLN2802TIGA4;5;KLN;Tiger;Panthera;Felidae
KLN2802TIGA5;5;KLN;Tiger;Panthera;Felidae
LAN1512TIGAS;5;LAN;Tiger;Panthera;Felidae
LAN1612TIGAS;5;LAN;Tiger;Panthera;Felidae
LAN1712TIGA1;5;LAN;Tiger;Panthera;Felidae
LAN1812TIGA2;5;LAN;Tiger;Panthera;Felidae
LAN1912TIGA1;5;LAN;Tiger;Panthera;Felidae
NEU1512TIGA1;5;NEU;Tiger;Panthera;Felidae
NEU1612TIGA2;5;NEU;Tiger;Panthera;Felidae
NEU1712TIGA1;5;NEU;Tiger;Panthera;Felidae
NEU1712TIGA2;5;NEU;Tiger;Panthera;Felidae
NEU1812TIGA21;5;NEU;Tiger;Panthera;Felidae
NEU1812TIGA22;5;NEU;Tiger;Panthera;Felidae
NEU1912TIGA1;5;NEU;Tiger;Panthera;Felidae
NEU2012TIGA1;5;NEU;Tiger;Panthera;Felidae
KLN2802TRAM1;5;KLN;Trampeltier;Camelus;Camelidae
KLN2802TRAM2;5;KLN;Trampeltier;Camelus;Camelidae
KLN2802TRAM3;5;KLN;Trampeltier;Camelus;Camelidae
NEU0501TRAM1;5;NEU;Trampeltier;Camelus;Camelidae
NEU0501TRAM2;5;NEU;Trampeltier;Camelus;Camelidae
NEU0501TRAM3;5;NEU;Trampeltier;Camelus;Camelidae
NEU0501TRAM4;5;NEU;Trampeltier;Camelus;Camelidae
NEU0501TRAM5;5;NEU;Trampeltier;Camelus;Camelidae
NEU0501VARI1;5;NEU;Vari;Varecia;Lemuridae
NEU0501VARI2;5;NEU;Vari;Varecia;Lemuridae
NEU0501VARI3;5;NEU;Vari;Varecia;Lemuridae
NEU0501VARI4;5;NEU;Vari;Varecia;Lemuridae
NEU0501VARI5;5;NEU;Vari;Varecia;Lemuridae
WUP2501VARI1;5;WUP;Vari;Varecia;Lemuridae
WUP2501VARI2;5;WUP;Vari;Varecia;Lemuridae
WUP2501VARI3;5;WUP;Vari;Varecia;Lemuridae
