"index","Familie","Gattung","Art","D_1__Actinobacteria","D_1__Bacteroidetes","D_1__Chloroflexi","D_1__Euryarchaeota","D_1__Fibrobacteres","D_1__Firmicutes","D_1__Patescibacteria","D_1__Proteobacteria","D_1__Spirochaetes","D_1__Synergistetes","D_1__Verrucomicrobia","D_1__Fusobacteria","D_1__Epsilonbacteraeota","D_1__Planctomycetes","D_1__Tenericutes","D_1__WPS-2","D_1__Elusimicrobia","D_1__Cyanobacteria","D_1__Lentisphaerae","D_1__Excavata","D_1__Deferribacteres","D_1__Acidobacteria","D_1__Opisthokonta"
"BE0503ZEBR5","Equidae","Equus","Bergzebra",47,1948,38,422,81,7414,64,197,1840,74,507,0,0,0,0,0,0,0,0,0,0,0,0
"BER0403PAND","Ailuridae","Ailurus","Roter_Panda",142,46,0,0,0,16246,0,3005,0,0,0,0,0,0,0,0,0,0,0,0,0,0,0
"BER0403WALD","Canidae","Speothos","Waldhund",75,628,0,0,0,15036,0,1305,0,0,0,93,0,0,0,0,0,0,0,0,0,0,0
"BER0403ZEBR1","Equidae","Equus","Bergzebra",0,1472,0,56,455,1708,0,0,1326,0,191,0,79,12,18,0,0,0,0,0,0,0,0
"BER0403ZEBR2","Equidae","Equus","Bergzebra",0,2089,0,117,330,2668,0,0,1590,0,127,0,33,11,10,0,0,0,0,0,0,0,0
"BER0403ZEBR3","Equidae","Equus","Bergzebra",0,1539,0,155,781,2591,0,0,860,0,263,0,20,11,0,0,0,0,0,0,0,0,0
"BER0403ZEBR4","Equidae","Equus","Bergzebra",0,1551,0,169,769,1927,0,0,1356,72,57,0,57,0,0,0,0,0,0,0,0,0,0
"BER0403ZEBR5","Equidae","Equus","Bergzebra",0,2474,0,402,429,3727,0,21,2442,129,378,0,203,15,0,0,0,0,0,0,0,0,0
"BER0403ZEBR6","Equidae","Equus","Bergzebra",0,778,0,115,45,388,0,0,982,20,49,0,118,0,0,0,0,0,0,0,0,0,0
"BER0403ZEBR7","Equidae","Equus","Bergzebra",0,4787,0,220,1088,6124,0,10,4167,94,281,0,150,0,0,0,0,0,0,0,0,0,0
"BER0403ZEBR8","Equidae","Equus","Bergzebra",0,6588,0,1228,303,7868,188,49,2209,310,652,0,196,0,0,0,0,0,0,0,0,0,0
"BER0503ZEBR1","Equidae","Equus","Bergzebra",0,2695,0,478,65,10389,0,0,4928,312,829,0,17,28,0,0,0,0,0,0,0,0,0
"BER0503ZEBR2","Equidae","Equus","Bergzebra",176,2782,0,1187,63,12533,70,0,2550,29,1196,0,0,22,0,0,0,0,0,0,0,0,0
"BER0503ZEBR3","Equidae","Equus","Bergzebra",0,1720,0,597,0,6338,30,0,2084,70,1537,0,25,35,0,24,0,0,0,0,0,0,0
"BER0503ZEBR4","Equidae","Equus","Bergzebra",0,1501,0,557,193,6126,66,25,2137,92,879,0,240,40,0,0,0,0,0,0,0,0,0
"BER0503ZEBR6","Equidae","Equus","Bergzebra",0,840,0,38,486,1411,0,0,1027,0,74,0,30,0,0,0,11,0,0,0,0,0,0
"BER0503ZEBR7","Equidae","Equus","Bergzebra",90,3097,0,1865,386,4834,91,32,1236,51,691,0,18,70,261,0,0,0,0,0,0,0,0
"BER0503ZEBR8","Equidae","Equus","Bergzebra",0,4442,0,292,2014,5073,91,0,2459,0,86,0,112,0,25,0,25,0,0,0,0,0,0
"BER0603ZEBR1","Equidae","Equus","Bergzebra",0,599,0,83,281,711,0,0,561,0,39,0,0,0,0,0,0,0,0,0,0,0,0
"BER0603ZEBR2","Equidae","Equus","Bergzebra",0,1418,0,233,213,3109,45,0,719,46,467,0,11,0,0,0,0,0,0,0,0,0,0
"BER0603ZEBR3","Equidae","Equus","Bergzebra",0,1214,0,38,335,1279,0,12,1417,20,195,0,95,0,0,0,0,0,0,0,0,0,0
"BER0603ZEBR4","Equidae","Equus","Bergzebra",0,6948,0,1062,1469,6507,20,0,3111,111,432,0,176,0,0,0,0,0,0,0,0,0,0
"BER0603ZEBR5","Equidae","Equus","Bergzebra",0,983,0,51,247,1205,0,0,881,11,173,0,11,0,0,0,0,0,0,0,0,0,0
"BER0603ZEBR6","Equidae","Equus","Bergzebra",0,2343,0,60,1459,3310,0,13,2317,0,75,0,63,0,0,0,12,0,0,0,0,0,0
"BER0603ZEBR7","Equidae","Equus","Bergzebra",0,2510,0,290,680,4531,0,0,1792,0,160,0,15,35,42,0,0,0,0,0,0,0,0
"BER0603ZEBR8","Equidae","Equus","Bergzebra",0,3311,0,155,1789,4495,0,58,2450,0,149,0,103,19,45,0,0,0,0,0,0,0,0
"BER0805GEPA1","Felidae","Acinonyx","Gepard",0,3898,0,0,0,2946,0,133,0,0,0,6742,890,0,0,0,0,0,0,0,0,0,0
"BER0805GEPA2","Felidae","Acinonyx","Gepard",0,0,0,0,0,42342,0,3285,0,0,0,7217,111,0,0,0,0,0,0,0,0,0,0
"BER0805LOEF1","Canidae","Otocyon","Loeffelhund",0,3012,0,0,0,2022,0,381,0,0,0,1848,0,0,0,0,0,0,0,0,0,0,0
"BER0805LOEF2","Canidae","Otocyon","Loeffelhund",0,1231,0,0,0,3437,0,1080,0,0,0,1037,65,0,0,0,0,0,0,0,0,0,0
"BER0805MAEH1","Canidae","Chrysocyon","Maehnenwolf",0,3558,0,0,0,1646,0,2029,0,0,0,4037,0,0,81,0,0,0,0,0,0,0,0
"BER0805MAEH2","Canidae","Chrysocyon","Maehnenwolf",0,1701,0,307,0,7248,0,1390,0,0,0,5332,0,0,0,0,0,0,0,0,0,0,0
"BER0805NEBE1","Felidae","Panthera","Nebelparder",0,2060,0,0,0,7432,0,65,0,0,0,937,0,0,0,0,0,0,0,0,0,0,0
"BER0805PAND1","Ailuridae","Ailurus","Roter_Panda",0,1870,0,0,0,2008,0,12258,0,0,0,0,77,0,0,0,0,0,0,0,0,0,0
"BER0805PAND2","Ailuridae","Ailurus","Roter_Panda",0,0,0,0,0,5453,0,6210,0,0,0,0,185,0,0,0,0,0,0,0,0,0,0
"BER0805SEEL1","Felidae","Panthera","Schneeleopard",191,920,0,0,0,6137,0,384,0,0,0,5634,0,0,0,0,0,0,0,0,0,0,0
"BER0805SEEL2","Felidae","Panthera","Schneeleopard",352,3367,0,0,0,10817,0,3401,0,0,0,4480,0,0,0,0,0,0,0,0,0,0,0
"BER0805TIGA1","Felidae","Panthera","Tiger",0,2567,0,0,0,3827,0,127,0,0,0,2477,0,0,0,0,0,0,0,0,0,0,0
"BER0805TIGA2","Felidae","Panthera","Tiger",0,4153,0,0,0,2244,0,1925,0,0,0,2420,0,0,0,0,0,0,0,0,0,0,0
"BER0805TIGA3","Felidae","Panthera","Tiger",0,3586,0,0,0,8372,0,381,0,0,0,1914,0,0,0,0,0,0,0,0,0,0,0
"BER0805TIGA4","Felidae","Panthera","Tiger",0,1519,0,0,0,4218,0,357,0,0,0,2507,0,0,0,0,0,0,0,0,0,0,0
"BER0805TIGA5","Felidae","Panthera","Tiger",0,2371,0,0,0,2769,0,691,0,0,0,2169,0,0,0,0,0,0,0,0,0,0,0
"BER0805TIGA6","Felidae","Panthera","Tiger",0,1305,0,0,0,11114,0,1578,0,0,0,3435,0,0,0,0,0,0,0,0,0,0,0
"BER0805WALD1","Canidae","Speothos","Waldhund",0,91,0,0,0,5199,0,1562,0,0,0,706,0,0,0,0,0,0,0,0,0,0,0
"BER0805WALD2","Canidae","Speothos","Waldhund",77,504,0,0,0,8513,0,1251,0,0,0,781,0,0,0,0,0,0,0,0,0,0,0
"BER0805WALD3","Canidae","Speothos","Waldhund",0,5200,0,0,0,3038,0,2221,0,0,0,4498,0,0,0,0,0,0,0,0,0,0,0
"BER0905TIGA7","Felidae","Panthera","Tiger",0,2037,0,0,0,2168,0,708,0,0,0,1884,0,0,0,0,0,0,0,0,0,0,0
"BER0905TIGA8","Felidae","Panthera","Tiger",0,1931,0,0,0,3438,0,507,0,0,0,2931,0,0,0,0,0,0,0,0,0,0,0
"BER0905TIGA9","Felidae","Panthera","Tiger",0,5264,0,0,0,6148,0,355,0,0,0,1844,0,0,0,0,0,0,0,0,0,0,0
"BER0905WALD10","Canidae","Speothos","Waldhund",81,301,0,0,0,1609,0,2209,0,0,0,0,0,0,0,0,0,0,0,0,0,0,0
"BER0905WALD4","Canidae","Speothos","Waldhund",0,1811,0,0,0,2775,0,413,0,0,211,2817,0,0,0,0,0,0,0,0,0,0,0
"BER0905WALD5","Canidae","Speothos","Waldhund",0,669,0,0,0,5585,0,536,0,0,0,2417,0,0,0,0,0,0,0,0,0,0,0
"BER0905WALD6","Canidae","Speothos","Waldhund",0,3169,0,0,0,3316,0,833,0,0,0,6817,0,0,0,0,0,0,0,0,0,0,0
"BER0905WALD7","Canidae","Speothos","Waldhund",0,1153,0,0,0,379,0,518,0,0,190,1471,0,0,0,0,0,0,0,0,0,0,0
"BER0905WALD8","Canidae","Speothos","Waldhund",0,1071,0,0,0,1014,0,288,0,0,0,3003,0,0,0,0,0,0,0,0,0,0,0
"BER0905WALD9","Canidae","Speothos","Waldhund",0,3716,0,192,0,4294,0,2838,0,0,0,6694,0,0,0,0,0,0,0,0,0,0,0
"BER1505GEPA2","Felidae","Acinonyx","Gepard",141,7454,0,0,0,8885,0,1498,0,0,0,9920,151,0,0,0,0,0,0,0,0,0,0
"BER1505LEOP1","Felidae","Panthera","Leopard",0,3660,0,0,0,2880,0,393,0,0,0,2783,0,0,0,0,0,0,0,0,0,0,0
"BER1505LEOP2","Felidae","Panthera","Leopard",0,1376,0,0,0,4083,0,1112,0,0,0,4482,0,0,0,0,0,0,0,0,0,0,0
"BER1505LEOP3","Felidae","Panthera","Leopard",71,1853,0,0,0,8897,0,482,0,0,0,3493,0,0,0,0,0,0,0,0,0,0,0
"BER1505LEOP4","Felidae","Panthera","Leopard",0,756,0,0,0,11726,0,875,0,0,0,1150,0,0,0,0,0,0,0,0,0,0,0
"BER1505LOEF3","Canidae","Otocyon","Loeffelhund",0,3401,0,0,0,1477,0,527,0,0,277,4417,0,0,0,0,0,0,0,0,0,0,0
"BER1505PAND3","Ailuridae","Ailurus","Roter_Panda",0,0,0,0,0,11667,0,2611,0,0,0,0,0,0,0,0,0,0,0,0,0,0,0
"BER1505PAND4","Ailuridae","Ailurus","Roter_Panda",0,15,0,0,0,3900,0,3697,0,0,0,0,427,0,0,0,0,0,0,0,0,0,0
"BER1505SEEL3","Felidae","Panthera","Schneeleopard",0,3046,0,0,0,2596,0,365,0,0,0,3869,243,0,0,0,0,0,0,0,0,0,0
"BEZ0603ELEN1","Bovidae","Tragelaphus","Elenantilope",0,3547,49,971,740,4427,0,36,767,0,395,0,0,0,0,0,0,0,0,0,0,0,0
"BEZ0603ELEN2","Bovidae","Tragelaphus","Elenantilope",0,1789,0,694,472,1904,0,33,622,0,74,0,0,0,0,0,0,0,0,0,0,0,0
"BEZ0603ELEN3","Bovidae","Tragelaphus","Elenantilope",0,1151,0,141,399,1039,22,33,250,0,394,0,0,0,0,0,0,0,0,0,0,0,0
"BEZ0603ELEN4","Bovidae","Tragelaphus","Elenantilope",0,613,0,207,69,538,0,0,171,0,11,0,0,0,0,0,0,0,0,0,0,0,0
"BEZ0603ELEN5","Bovidae","Tragelaphus","Elenantilope",0,1683,0,693,249,2404,16,0,788,0,34,0,0,0,0,0,0,0,0,0,0,0,0
"BEZ0603GIRA1","Giraffidae","Giraffa","Giraffe",31,3115,33,813,0,4317,109,59,1318,0,0,0,0,0,0,0,0,0,0,0,0,0,0
"BEZ0603GIRA2","Giraffidae","Giraffa","Giraffe",0,2885,0,390,0,1970,0,0,210,0,991,0,0,0,0,0,0,0,0,0,0,0,0
"BEZ0603NASH1","Rhinocerotidae","Diceros","Spitzmaulnashorn",0,1398,0,209,0,440,0,0,324,0,38,0,0,0,0,0,0,0,0,0,0,0,0
"BEZ0603OKAP1","Giraffidae","Okapia","Okapi",0,2063,0,303,0,3304,26,0,1508,0,21,0,0,0,0,0,0,0,0,0,0,0,0
"BEZ0603OKAP2","Giraffidae","Okapia","Okapi",0,442,0,89,0,360,0,0,414,0,168,0,0,0,0,0,0,0,0,0,0,0,0
"BEZ0603WILD1","Canidae","Lycaon","Wildhund",0,274,0,0,0,5632,0,15,0,0,0,230,0,0,0,0,0,0,0,0,0,0,0
"BEZ0603WILD2","Canidae","Lycaon","Wildhund",0,39,0,0,0,3995,0,0,0,0,0,848,0,0,0,0,0,0,0,0,0,0,0
"BEZ0603ZEBR1","Equidae","Equus","Grevyzebra",0,2914,0,227,287,3088,35,130,1821,35,117,0,102,0,0,0,0,0,0,0,0,0,0
"BEZ0603ZEBR2","Equidae","Equus","Grevyzebra",0,298,0,0,78,354,0,30,404,0,20,0,56,0,0,0,0,0,0,0,0,0,0
"BEZ0603ZEBR3","Equidae","Equus","Grevyzebra",0,2228,0,399,498,3430,26,130,2586,22,262,0,37,0,0,0,0,0,0,0,0,0,0
"BEZ0603ZEBR4","Equidae","Equus","Grevyzebra",19,3027,48,472,474,3856,0,0,1894,0,0,0,12,13,24,0,0,0,0,0,0,0,0
"BEZ0603ZEBR5","Equidae","Equus","Grevyzebra",0,859,17,94,96,428,0,0,590,0,0,0,0,0,0,0,0,0,0,0,0,0,0
"BEZ0603ZEBR6","Equidae","Equus","Grevyzebra",0,1246,0,76,222,1569,0,0,1239,0,0,0,39,0,0,0,0,0,0,0,0,0,0
"BEZ2505ELEN1","Bovidae","Tragelaphus","Elenantilope",0,1427,0,1247,34,2195,68,0,193,0,12,0,0,0,0,0,0,0,0,0,0,0,0
"BEZ2505ELEN2","Bovidae","Tragelaphus","Elenantilope",644,59,0,269,0,2534,0,1369,0,0,0,0,0,0,0,0,0,0,0,0,0,0,0
"BEZ2505ELEN3","Bovidae","Tragelaphus","Elenantilope",255,373,0,197,0,1328,0,2199,0,0,0,0,0,0,0,0,0,0,0,0,0,0,0
"BEZ2505ELEN4","Bovidae","Tragelaphus","Elenantilope",159,681,0,710,102,2329,0,822,450,0,27,0,0,0,0,0,0,0,0,0,0,0,0
"BEZ2505ERDM1","Herpestidae","Suricata","Erdmaennchen",0,30,0,0,0,5829,0,234,0,0,0,1031,0,0,0,0,0,0,0,0,0,0,0
"BEZ2505ERDM2","Herpestidae","Suricata","Erdmaennchen",62,0,0,0,0,12639,0,127,0,0,0,0,0,0,0,0,0,0,0,0,0,0,0
"BEZ2505NASH1","Rhinocerotidae","Diceros","Spitzmaulnashorn",0,174,0,461,0,8582,0,0,258,0,0,0,0,0,0,0,0,0,0,0,0,0,0
"BEZ2505NASH2","Rhinocerotidae","Diceros","Spitzmaulnashorn",0,5594,52,1763,0,5616,90,0,820,0,48,0,0,14,0,0,99,0,0,0,0,0,0
"BEZ2505TUSI1","Bovidae","Bos","Watussi",0,705,0,378,0,8418,0,2860,31,0,135,0,0,0,0,0,0,0,0,0,0,0,0
"BEZ2505TUSI2","Bovidae","Bos","Watussi",93,4334,0,225,18,12232,121,2059,126,0,1442,0,0,113,0,0,0,0,0,0,0,0,0
"BEZ2505TUSI3","Bovidae","Bos","Watussi",0,2738,0,92,0,5367,0,49,60,0,335,0,0,0,0,0,0,0,0,0,0,0,0
"BEZ2505WILD1","Canidae","Lycaon","Wildhund",189,0,0,0,0,3557,0,2180,0,0,0,0,0,0,0,0,0,0,0,0,0,0,0
"BEZ2505WILD2","Canidae","Lycaon","Wildhund",1080,0,0,0,0,5216,0,2859,0,0,0,0,0,0,0,0,0,0,0,0,0,0,0
"BEZ2605ELEN1","Bovidae","Tragelaphus","Elenantilope",2864,1344,0,2095,0,12018,154,888,147,0,0,0,0,0,0,0,0,0,0,0,0,0,0
"BEZ2605ELEN2","Bovidae","Tragelaphus","Elenantilope",443,1598,0,2745,149,11356,382,436,457,0,109,0,0,0,0,0,0,0,0,0,0,0,0
"BEZ2605ELEN3","Bovidae","Tragelaphus","Elenantilope",502,773,0,2799,41,7070,259,2124,252,0,0,0,0,0,0,0,0,0,0,0,0,0,0
"BEZ2605ELEN4","Bovidae","Tragelaphus","Elenantilope",0,3033,0,1677,434,4170,173,0,427,0,130,0,0,0,0,0,17,0,0,0,0,0,0
"BEZ2605ELEN5","Bovidae","Tragelaphus","Elenantilope",1324,1112,0,2351,182,14165,131,417,1512,0,0,0,0,15,0,0,0,0,0,0,0,0,0
"BEZ2605ERDM1","Herpestidae","Suricata","Erdmaennchen",5043,11333,78,0,0,9075,0,17978,0,0,138,0,0,0,0,0,0,0,0,0,0,0,0
"BEZ2605ERDM2","Herpestidae","Suricata","Erdmaennchen",0,2530,0,0,0,4622,0,1138,0,0,0,2152,62,0,0,0,0,0,0,0,0,0,0
"BEZ2605NASH1","Rhinocerotidae","Diceros","Spitzmaulnashorn",30,3194,0,640,22,6138,0,0,1402,0,54,0,0,0,0,44,30,0,0,0,0,0,0
"BEZ2605NASH2","Rhinocerotidae","Diceros","Spitzmaulnashorn",0,7252,139,2052,0,13232,174,0,1017,0,0,0,0,28,0,0,14,0,0,0,0,0,0
"BEZ2605TUSI1","Bovidae","Bos","Watussi",170,3710,58,827,54,20853,204,5678,138,0,1398,0,0,45,0,0,0,0,0,0,0,0,0
"BEZ2605TUSI2","Bovidae","Bos","Watussi",544,30,0,459,0,12154,0,142,0,0,133,0,0,0,0,0,0,0,0,0,0,0,0
"BEZ2605WILD1","Canidae","Lycaon","Wildhund",856,37,0,0,0,4889,0,6675,0,0,0,0,0,0,0,0,0,0,0,0,0,0,0
"BEZ2605WILD2","Canidae","Lycaon","Wildhund",134,352,0,0,0,15998,0,986,0,0,0,164,68,0,0,0,0,0,0,0,0,0,0
"DAR0611FENN10","Canidae","Vulpes","Fennek",0,5824,0,0,0,3421,0,1089,0,0,0,5523,0,0,0,0,0,0,0,0,0,0,0
"DAR0611FENN11","Canidae","Vulpes","Fennek",0,4547,0,0,0,2924,0,1258,0,0,0,5943,0,0,0,0,0,0,0,0,0,0,0
"DAR0611FENN12","Canidae","Vulpes","Fennek",0,3247,0,0,0,2404,0,668,0,0,0,4092,0,0,0,0,0,0,0,0,0,0,0
"DAR0611FENN13","Canidae","Vulpes","Fennek",0,2749,0,0,0,5895,0,974,0,0,0,3238,0,0,0,0,0,0,0,0,0,0,0
"DAR0611FENN7","Canidae","Vulpes","Fennek",0,3528,0,0,0,4359,0,1076,0,0,0,5127,0,0,0,0,0,0,0,0,0,0,0
"DAR0611FENN8","Canidae","Vulpes","Fennek",0,3972,0,0,0,1755,0,1321,0,0,0,4548,0,0,0,0,0,0,0,0,0,0,0
"DAR0611FENN9","Canidae","Vulpes","Fennek",0,2432,0,0,0,2363,0,585,0,0,0,5276,0,0,0,0,0,0,0,0,0,0,0
"DAR3010FENN1","Canidae","Vulpes","Fennek",0,2526,0,0,0,6252,0,686,0,0,0,3177,38,0,0,0,0,0,0,0,0,0,0
"DAR3010FENN2","Canidae","Vulpes","Fennek",0,5532,0,0,0,5127,0,1533,0,0,0,5077,78,0,0,0,0,0,0,0,0,0,0
"DAR3010FENN3","Canidae","Vulpes","Fennek",0,1363,0,0,0,8194,0,837,0,0,0,4144,0,0,0,0,0,0,0,0,0,0,0
"DAR3010FENN4","Canidae","Vulpes","Fennek",0,1630,0,0,0,5279,0,693,0,0,0,2127,0,0,0,0,0,0,0,0,0,0,0
"DAR3010FENN5","Canidae","Vulpes","Fennek",0,1802,0,0,0,8027,0,843,0,0,0,4031,0,0,0,0,0,0,0,0,0,0,0
"DAR3010FENN6","Canidae","Vulpes","Fennek",96,1511,0,0,0,7723,0,826,0,0,0,4528,0,0,0,0,0,0,0,0,0,0,0
"DOR0606JAGU1","Felidae","Panthera","Jaguar",0,2753,0,0,0,1041,0,1028,0,0,0,5707,0,0,0,0,0,0,0,0,0,0,0
"DOR0606JAGU2","Felidae","Panthera","Jaguar",0,2634,0,0,0,1559,0,370,0,0,0,1972,88,0,0,0,0,0,0,0,0,0,0
"DOR0606LEOP1","Felidae","Panthera","Leopard",164,1404,0,442,0,4096,0,250,0,0,0,1228,0,0,0,0,0,0,0,0,0,0,0
"DOR0606LOEF1","Canidae","Otocyon","Loeffelhund",0,463,0,0,0,0,0,0,0,0,0,114,0,0,0,0,0,0,0,0,0,0,0
"DOR0606LOEF2","Canidae","Otocyon","Loeffelhund",0,902,0,0,0,481,0,759,0,0,0,1296,0,0,0,0,0,0,0,0,0,0,0
"DOR0606MAEH1","Canidae","Chrysocyon","Maehnenwolf",0,1410,0,0,0,789,0,320,0,0,0,1972,0,0,0,0,0,0,0,0,0,0,0
"DOR0606MAEH2","Canidae","Chrysocyon","Maehnenwolf",0,1446,0,0,0,1331,0,2246,0,0,0,2499,0,0,0,0,0,0,0,0,0,0,0
"DOR0606NEBE1","Felidae","Panthera","Nebelparder",0,1738,0,0,0,4587,0,2005,0,0,0,1997,994,0,0,0,0,0,0,0,0,0,0
"DOR0606NEBE2","Felidae","Panthera","Nebelparder",0,1593,0,0,0,2636,0,233,0,0,0,2537,0,0,0,0,0,0,0,0,0,0,0
"DOR0606PAND1","Ailuridae","Ailurus","Roter_Panda",0,0,0,0,0,1888,0,1678,0,0,0,0,0,0,0,0,0,0,0,0,0,0,0
"DOR0606PAND2","Ailuridae","Ailurus","Roter_Panda",0,0,0,0,0,2991,0,2188,0,0,0,0,0,0,0,0,0,0,0,0,0,0,0
"DOR1306JAGU3","Felidae","Panthera","Jaguar",0,0,0,0,0,2007,0,2066,0,0,0,67,0,0,0,0,0,0,0,0,0,0,0
"DOR1306JAGU4","Felidae","Panthera","Jaguar",0,0,0,0,0,2306,0,221,0,0,0,755,0,0,0,0,0,0,0,0,0,0,0
"DOR1306LEOP2","Felidae","Panthera","Leopard",256,1255,0,106,0,4419,95,1626,0,0,122,550,0,0,0,0,0,0,0,0,0,0,0
"DOR1306LOEF3","Canidae","Otocyon","Loeffelhund",0,1171,0,0,0,601,0,226,0,0,0,1018,106,0,0,0,0,0,0,0,0,0,0
"DOR1306LOEF4","Canidae","Otocyon","Loeffelhund",0,243,0,0,0,0,0,658,0,0,0,0,0,0,0,0,0,0,0,0,0,0,0
"DOR1306LOEF5","Canidae","Otocyon","Loeffelhund",0,435,0,0,0,140,0,1607,0,0,0,245,0,0,0,0,0,0,0,0,0,0,0
"DOR1306MAEH3","Canidae","Chrysocyon","Maehnenwolf",0,0,0,0,0,1820,0,7453,0,0,0,0,0,0,0,0,0,0,0,0,0,0,0
"DOR1306MAEH4","Canidae","Chrysocyon","Maehnenwolf",0,3331,0,115,0,3698,0,67,0,0,0,5625,0,0,0,0,0,0,0,0,0,0,0
"DOR1306NEBE3","Felidae","Panthera","Nebelparder",0,0,0,0,0,1216,0,128,0,0,0,0,0,0,0,0,0,0,0,0,0,0,0
"DOR1306NEBE4","Felidae","Panthera","Nebelparder",0,435,0,0,0,959,0,519,0,0,0,0,0,0,0,0,0,0,0,0,0,0,0
"DOR1306PAND3","Ailuridae","Ailurus","Roter_Panda",0,605,0,0,0,3852,0,607,0,0,0,0,0,0,0,0,0,0,0,0,0,0,0
"DOR1306PAND4","Ailuridae","Ailurus","Roter_Panda",0,2547,0,0,0,436,0,1430,0,0,0,0,0,0,0,0,0,0,0,0,0,0,0
"DOR1607ELEN1","Bovidae","Tragelaphus","Elenantilope",0,3187,0,250,93,2999,0,77,691,0,431,0,0,0,0,0,0,0,0,0,0,0,0
"DOR1607ELEN2","Bovidae","Tragelaphus","Elenantilope",0,2997,0,52,268,3763,0,137,734,0,170,0,0,0,15,0,26,0,0,0,0,0,0
"DOR1607ELEN3","Bovidae","Tragelaphus","Elenantilope",0,4292,0,365,166,6172,0,164,884,0,615,0,0,24,0,0,0,0,0,0,0,0,0
"DOR1607GIRA1","Giraffidae","Giraffa","Giraffe",0,4163,0,855,328,5738,28,77,510,0,119,0,0,18,14,0,0,0,0,0,0,0,0
"DOR1607GIRA2","Giraffidae","Giraffa","Giraffe",0,3292,0,296,330,3655,0,30,533,0,278,0,0,0,0,0,0,0,0,0,0,0,0
"DOR1607GIRA3","Giraffidae","Giraffa","Giraffe",0,3843,13,570,188,4254,0,0,699,0,302,0,0,0,0,0,0,0,0,0,0,0,0
"DOR1607RKAE1","Macropodidae","Osphranter","Riesenkaenguru",0,5028,0,88,0,2819,0,96,167,0,300,0,24,0,0,0,0,0,0,0,0,0,0
"DOR1607RKAE2","Macropodidae","Osphranter","Riesenkaenguru",0,9242,0,128,0,4298,0,328,15,0,0,0,19,0,0,0,25,0,0,0,0,0,0
"DOR1607RKAE3","Macropodidae","Osphranter","Riesenkaenguru",0,6499,0,0,0,4251,0,146,81,0,706,0,86,0,0,0,0,0,0,0,0,0,0
"DOR1607ZEBR1","Equidae","Equus","Steppenzebra",0,4051,0,304,1131,2027,0,0,2631,70,460,0,165,0,21,0,0,0,0,0,0,0,0
"DOR1607ZEBR2","Equidae","Equus","Steppenzebra",13,3663,0,145,265,2590,0,0,2607,0,0,0,0,0,0,0,0,0,0,0,0,0,0
"DOR1607ZEBR3","Equidae","Equus","Steppenzebra",0,2593,0,123,352,1700,0,14,2242,0,13,0,0,0,0,0,0,0,0,0,0,0,0
"DOR2702GIRA1","Giraffidae","Giraffa","Giraffe",0,3245,16,557,601,4220,30,64,2307,0,635,0,0,16,0,0,47,0,0,0,0,0,0
"DOR2702GIRA2","Giraffidae","Giraffa","Giraffe",0,505,0,176,112,573,0,14,193,0,0,0,0,0,0,0,0,0,0,0,0,0,0
"DOR2702NASH1","Rhinocerotidae","Ceratotherium","Breitmaulnashorn",0,1498,45,41,293,894,0,0,1077,0,27,0,0,0,30,0,20,0,0,0,0,0,0
"DOR2702NASH2","Rhinocerotidae","Ceratotherium","Breitmaulnashorn",0,1730,0,183,1116,2323,70,14,2083,0,38,0,0,0,37,0,0,0,0,0,0,0,0
"DOR2702NASH3","Rhinocerotidae","Ceratotherium","Breitmaulnashorn",0,1934,0,168,22,1138,12,14,863,0,0,0,0,0,0,0,0,0,0,0,0,0,0
"DOR2702NASH4","Rhinocerotidae","Ceratotherium","Breitmaulnashorn",0,2300,35,117,356,1793,29,0,1828,30,127,0,0,0,0,0,23,0,0,0,0,0,0
"DOR2702ZEBR1","Equidae","Equus","Steppenzebra",0,2813,0,157,1497,3153,0,52,2524,0,40,0,0,21,75,0,0,0,0,0,0,0,0
"DOR2702ZEBR2","Equidae","Equus","Steppenzebra",63,2468,0,989,636,2794,0,14,1771,64,277,0,0,14,328,0,0,0,0,0,0,0,0
"DOR2702ZEBR3","Equidae","Equus","Steppenzebra",0,2225,0,135,842,2270,0,19,2323,0,23,0,0,0,38,0,0,0,0,0,0,0,0
"DUI0406EISF1","Canidae","Vulpes","Eisfuchs",0,82,0,0,0,107,0,1046,0,0,0,63,0,0,0,0,0,0,0,0,0,0,0
"DUI0406EISF2","Canidae","Vulpes","Eisfuchs",0,3821,0,0,0,1275,0,611,0,0,0,1870,141,0,0,0,0,0,0,0,0,0,0
"DUI0406LOEW1","Felidae","Panthera","Loewe",0,363,0,0,0,3278,0,4072,0,0,0,991,0,0,0,0,0,0,0,0,0,0,0
"DUI0406LOEW2","Felidae","Panthera","Loewe",82,1340,0,0,0,4601,0,162,0,0,0,1394,0,0,0,0,0,0,0,0,0,0,0
"DUI0406NEBE1","Felidae","Panthera","Nebelparder",0,72,0,0,0,2771,0,723,0,0,0,122,0,0,0,0,0,0,0,0,0,0,0
"DUI0406NEBE2","Felidae","Panthera","Nebelparder",0,2646,0,0,0,2499,0,373,0,0,0,3048,0,0,0,0,0,0,0,0,0,0,0
"DUI0406PAND1","Ailuridae","Ailurus","Roter_Panda",0,0,0,0,0,6488,0,787,0,0,0,0,0,0,0,0,0,0,0,0,0,0,0
"DUI0406PAND2","Ailuridae","Ailurus","Roter_Panda",0,0,0,0,0,4167,0,1399,0,0,0,0,0,0,0,0,0,0,0,0,0,0,0
"DUI0406TIGA1","Felidae","Panthera","Tiger",0,1101,0,0,0,160,0,244,0,0,0,565,0,0,0,0,0,0,0,0,0,0,0
"DUI0406TIGA2","Felidae","Panthera","Tiger",0,1490,0,0,0,698,0,254,0,0,0,2265,53,0,0,0,0,0,0,0,0,0,0
"DUI0406TIGA3","Felidae","Panthera","Tiger",0,2637,32,0,0,530,0,2322,0,0,0,3273,1942,0,0,0,0,0,0,0,0,0,0
"DUI0406WILD1","Canidae","Lycaon","Wildhund",0,3040,0,0,0,1777,0,516,0,0,0,4161,0,0,0,0,0,0,0,0,0,0,0
"DUI0711BONG1","Bovidae","Tragelaphus","Bongo",0,5569,0,0,15,4608,23,131,645,0,160,0,0,0,0,0,0,0,0,0,0,0,0
"DUI0711BONG2","Bovidae","Tragelaphus","Bongo",0,2975,0,0,0,2340,0,166,507,0,62,0,0,0,0,0,0,0,0,0,0,0,0
"DUI0811BENN1","Macropodidae","Notamacropus","Bennettkaenguru",156,4385,0,0,0,2238,0,1234,229,0,0,0,0,0,0,0,0,0,0,0,0,0,0
"DUI0811BENN2","Macropodidae","Notamacropus","Bennettkaenguru",0,2433,0,247,99,1815,0,0,603,0,289,0,0,0,0,0,0,0,0,0,0,0,0
"DUI0811BERG1","Macropodidae","Osphranter","Bergkaenguru",0,4209,0,91,0,1807,0,32,446,0,250,0,0,0,0,0,0,0,0,0,0,0,0
"DUI0811BERG2","Macropodidae","Osphranter","Bergkaenguru",0,1812,0,25,0,1363,0,219,95,0,724,0,0,0,0,0,0,0,0,0,0,0,0
"DUI0811GIRA1","Giraffidae","Giraffa","Giraffe",0,832,0,32,0,989,0,0,240,0,66,0,0,0,0,0,0,0,0,0,0,0,0
"DUI0811GIRA2","Giraffidae","Giraffa","Giraffe",0,2217,0,0,0,2210,0,51,196,0,283,0,0,0,0,0,0,0,0,0,0,0,0
"DUI0811KOLA1","Phascolarctidae","Phascolartos","Koala",0,6500,0,0,0,7098,0,546,0,637,610,57,0,0,0,0,0,0,0,0,0,0,0
"DUI0811KOLA2","Phascolarctidae","Phascolartos","Koala",0,10019,0,0,0,6365,0,1022,0,1175,816,64,0,0,0,0,0,0,0,0,0,0,0
"DUI0811KOLA3","Phascolarctidae","Phascolartos","Koala",0,6717,0,0,0,9595,0,799,0,2161,0,15,0,0,0,0,0,0,0,0,0,0,0
"DUI0811KOLA4","Phascolarctidae","Phascolartos","Koala",0,13050,0,0,0,14155,0,1771,0,2894,0,28,0,0,0,0,0,0,0,0,0,0,0
"DUI0811KOLA5","Phascolarctidae","Phascolartos","Koala",0,7114,0,0,0,5675,0,1487,0,550,0,27,0,0,0,0,0,0,0,0,0,0,0
"DUI0811KOLA6","Phascolarctidae","Phascolartos","Koala",0,6128,0,0,0,8005,0,1094,0,1498,0,0,0,0,0,0,0,0,0,0,0,0,0
"DUI0811SUMF1","Macropodidae","Wallabia","Sumpfwallaby",0,2566,0,45,0,1377,0,139,198,0,202,0,0,0,0,0,0,0,0,0,0,0,0
"DUI0811SUMF2","Macropodidae","Wallabia","Sumpfwallaby",0,2663,0,56,0,1595,0,0,212,0,116,0,0,0,0,0,0,0,0,0,0,0,0
"DUI0811TEUF1","Dasyuridae","Sarcophilus","Beutelteufel",0,0,0,0,0,2238,0,2140,0,0,0,609,47,0,0,0,0,0,0,0,0,0,0
"DUI0811TEUF2","Dasyuridae","Sarcophilus","Beutelteufel",0,0,0,0,0,3949,0,5318,0,0,0,206,0,0,62,0,0,0,0,0,0,0,0
"DUI0811TUSI1","Bovidae","Bos","Watussi",0,2455,0,96,79,1760,0,103,389,0,43,0,0,0,0,0,0,0,0,0,0,0,0
"DUI0811TUSI2","Bovidae","Bos","Watussi",0,1830,0,57,24,1122,0,88,131,0,171,0,0,0,0,0,0,0,0,0,0,0,0
"DUI0811TUSI3","Bovidae","Bos","Watussi",0,976,0,161,51,588,0,49,155,0,86,0,0,0,0,0,0,0,0,0,0,0,0
"DUI0811WOMB1","Vombatidae","Vombatus","Wombat",0,7393,0,496,0,4984,107,876,621,116,0,0,0,0,0,0,17,0,0,0,0,0,0
"DUI0811WOMB2","Vombatidae","Vombatus","Wombat",0,2941,0,283,0,2578,0,0,3640,64,128,0,0,0,0,0,0,0,0,0,0,0,0
"DUI0811WOMB3","Vombatidae","Vombatus","Wombat",0,1778,0,124,2158,3034,0,677,167,0,0,0,0,0,0,0,0,0,0,0,0,0,0
"DUI0811WOMB4","Vombatidae","Vombatus","Wombat",0,3277,0,410,0,4236,0,1411,323,0,0,0,0,29,0,0,0,0,0,0,0,0,0
"DUI1010KUOT1","Mustelidae","Aonyx","Kurzkrallenotter",0,167,0,0,0,10198,0,862,0,0,0,0,0,0,0,0,0,0,0,0,0,0,0
"DUI1010NASH1","Rhinocerotidae","Ceratotherium","Breitmaulnashorn",0,6533,0,191,497,3831,65,0,1432,64,0,0,0,0,74,0,0,0,0,0,0,0,0
"DUI1010PINS1","Suidae","Potamochoerus","Pinselohrschwein",0,4577,0,548,192,4624,0,47,2785,12,253,0,15,50,44,0,129,0,0,0,0,0,0
"DUI1010RENT1","Cervidae","Rangifer","Rentier",0,4325,0,38,0,2866,0,52,144,0,140,0,75,25,0,0,42,0,0,0,0,0,0
"DUI1106EISF3","Canidae","Vulpes","Eisfuchs",0,1722,0,0,0,3810,0,274,0,0,0,446,0,0,0,0,0,0,0,0,0,0,0
"DUI1106EISF4","Canidae","Vulpes","Eisfuchs",0,199,0,0,0,1328,0,493,0,0,0,74,0,0,0,0,0,0,0,0,0,0,0
"DUI1106LOEW3","Felidae","Panthera","Loewe",148,135,0,0,0,6562,0,33,0,0,0,239,0,0,0,0,0,0,0,0,0,0,0
"DUI1106LOEW4","Felidae","Panthera","Loewe",0,85,0,0,0,5836,0,0,0,0,0,1233,0,0,0,0,0,0,0,0,0,0,0
"DUI1106NEBE3","Felidae","Panthera","Nebelparder",0,331,0,0,0,3073,0,519,0,0,0,124,0,0,0,0,0,0,0,0,0,0,0
"DUI1106NEBE4","Felidae","Panthera","Nebelparder",0,162,0,0,0,665,0,0,0,0,0,326,0,0,0,0,0,0,0,0,0,0,0
"DUI1106PAND3","Ailuridae","Ailurus","Roter_Panda",0,222,0,0,0,28,0,1847,0,0,0,0,0,0,0,0,0,0,0,0,0,0,0
"DUI1106PAND4","Ailuridae","Ailurus","Roter_Panda",0,0,0,0,0,11023,0,0,0,0,0,0,127,0,0,0,0,0,0,0,0,0,0
"DUI1106TIGA4","Felidae","Panthera","Tiger",0,1532,0,0,0,1234,0,603,0,0,0,314,0,0,0,0,0,0,0,0,0,0,0
"DUI1106TIGA5","Felidae","Panthera","Tiger",0,536,0,0,0,4398,0,1633,0,0,0,603,0,0,0,0,0,0,0,0,0,0,0
"DUI1106WILD2","Canidae","Lycaon","Wildhund",0,4584,0,0,0,644,0,10974,0,0,0,0,0,0,0,0,0,0,0,0,0,0,0
"DUI1106WILD3","Canidae","Lycaon","Wildhund",0,501,0,0,0,496,0,590,0,0,0,1421,0,0,0,0,0,0,0,0,0,0,0
"DUI1607ELEF1","Elephantidae","Loxodonta","AfrikElefant",0,5290,0,224,85,4988,0,80,2412,0,0,0,0,0,0,0,0,0,0,0,0,0,0
"DUI1607ELEF2","Elephantidae","Loxodonta","AfrikElefant",0,5185,0,204,0,4997,0,134,2839,0,0,0,0,0,0,0,0,0,0,0,0,0,0
"DUI1607ELEF3","Elephantidae","Loxodonta","AfrikElefant",0,3955,0,146,87,3486,0,86,2123,22,0,0,0,0,0,0,0,0,0,0,0,0,0
"DUI1607FOSA1","Felidae","Cryptoprocta","Fossa",25,1766,0,0,0,5542,0,2713,0,0,0,7040,0,0,0,0,0,0,0,0,0,0,0
"DUI1607FOSA2","Felidae","Cryptoprocta","Fossa",151,509,0,0,0,9929,0,1369,0,0,0,2179,0,0,0,0,0,96,0,0,0,0,0
"DUI1607FOSA3","Felidae","Cryptoprocta","Fossa",306,292,0,0,0,13449,0,178,0,0,0,683,0,0,0,0,0,0,0,0,0,0,0
"DUI1607KOLA1","Phascolarctidae","Phascolartos","Koala",0,10298,0,38,0,10244,0,950,0,836,1359,12,0,0,0,0,0,0,0,0,0,0,0
"DUI1607KOLA2","Phascolarctidae","Phascolartos","Koala",0,19226,0,0,0,5638,0,982,0,1926,0,0,0,0,0,0,0,0,0,0,0,0,0
"DUI1607ORAN1","Homininae","Pongo","Orang-Utan",0,2153,0,807,0,6478,94,1863,565,19,419,0,68,846,0,0,0,0,0,0,0,0,0
"DUI1607ORAN2","Homininae","Pongo","Orang-Utan",0,5792,0,490,0,8442,20,409,553,18,0,0,0,180,0,0,0,0,0,0,0,0,0
"DUI1607TAPI1","Tapiridae","Tapirus","Tapir",0,8826,0,373,285,8992,130,169,1877,54,4422,0,0,44,0,0,20,0,0,0,0,0,0
"DUI1607TAPI2","Tapiridae","Tapirus","Tapir",0,5522,0,465,538,4797,32,181,1854,29,2512,0,0,29,0,0,18,0,0,0,0,0,0
"DUI1607TEUF1","Dasyuridae","Sarcophilus","Beutelteufel",0,0,0,0,0,11622,0,4877,0,0,0,0,0,0,0,0,0,0,0,0,0,0,0
"DUI1607TEUF2","Dasyuridae","Sarcophilus","Beutelteufel",184,0,0,0,0,6069,0,9159,0,0,0,1312,0,0,0,0,0,0,0,0,0,0,0
"DUI1607TEUF3","Dasyuridae","Sarcophilus","Beutelteufel",0,5292,0,0,0,4004,0,9249,0,0,0,1787,0,0,0,0,0,0,0,0,0,0,0
"FRA0107LOEW3","Felidae","Panthera","Loewe",0,3320,0,0,0,3901,0,319,0,0,0,1525,0,0,0,0,0,0,0,0,0,0,0
"FRA0207FENN3","Canidae","Vulpes","Fennek",0,1758,0,20,0,611,0,377,0,0,0,352,0,0,0,0,165,0,0,0,0,0,0
"FRA0207FENN4","Canidae","Vulpes","Fennek",0,1264,0,38,0,293,0,262,0,0,0,332,0,0,0,0,120,0,0,0,0,0,0
"FRA0207LOEW4","Felidae","Panthera","Loewe",118,2111,0,0,0,5319,0,197,0,0,0,1405,0,0,0,0,0,0,0,0,0,0,0
"FRA0207LOEW5","Felidae","Panthera","Loewe",82,4272,0,0,0,4894,0,1198,0,0,0,1465,71,0,0,0,0,0,0,0,0,0,0
"FRA0207LOEW6","Felidae","Panthera","Loewe",240,110,0,0,0,6820,0,37,0,0,0,1442,0,0,0,0,0,0,0,0,0,0,0
"FRA0207WALD10","Canidae","Speothos","Waldhund",0,1657,0,0,0,5693,0,219,0,0,0,1772,0,0,0,0,0,0,0,0,0,0,0
"FRA0207WALD9","Canidae","Speothos","Waldhund",0,4048,0,0,0,4181,0,196,0,0,0,2909,0,0,0,0,0,0,0,0,0,0,0
"FRA0207WILD4","Canidae","Lycaon","Wildhund",0,1729,0,0,0,382,0,101,0,0,0,801,0,0,0,0,0,0,0,0,0,0,0
"FRA0207WILD5","Canidae","Lycaon","Wildhund",0,3627,0,0,0,3318,0,0,0,0,0,2838,816,0,0,0,0,0,0,0,0,0,0
"FRA0207WILD6","Canidae","Lycaon","Wildhund",0,1199,0,0,0,1543,0,44,0,0,0,2513,149,0,0,0,0,0,0,0,0,0,0
"FRA0507GGLA1","Callitrichidae","Leontopithecus","Loewenaffe",864,23245,0,44,0,14563,38,1134,0,0,0,0,0,0,0,0,578,192,0,0,0,0,0
"FRA0507GGLA2","Callitrichidae","Leontopithecus","Loewenaffe",54,10143,0,106,0,6021,0,476,0,0,75,0,54,0,0,0,799,173,0,0,0,0,0
"FRA0507GGLA3","Callitrichidae","Leontopithecus","Loewenaffe",304,14134,0,0,0,7111,33,822,0,0,0,95,29,0,0,0,173,105,0,0,0,0,0
"FRA0507GIRA1","Giraffidae","Giraffa","Giraffe",0,3172,0,110,0,5146,0,214,419,0,151,0,0,0,0,0,0,0,0,0,0,0,0
"FRA0507GIRA2","Giraffidae","Giraffa","Giraffe",0,4403,0,28,0,5914,0,206,508,0,84,0,0,0,0,0,0,0,0,0,0,0,0
"FRA0507GORI1","Homininae","Gorilla","Gorilla",228,11396,0,1050,0,11668,66,965,2516,0,0,0,0,27,0,0,39,0,0,0,0,0,0
"FRA0507GORI2","Homininae","Gorilla","Gorilla",133,7406,0,1048,27,7908,51,1379,1876,0,0,0,0,0,0,0,46,0,0,0,0,0,0
"FRA0507OKAP1","Giraffidae","Okapia","Okapi",0,3485,0,13,0,4846,0,391,1037,0,586,0,0,0,48,0,0,0,0,0,0,0,0
"FRA0507OKAP2","Giraffidae","Okapia","Okapi",0,4730,0,440,0,8833,0,1487,860,0,1184,0,0,16,28,0,0,0,0,0,0,0,0
"FRA0507OKAP3","Giraffidae","Okapia","Okapi",0,5088,0,488,564,3140,0,131,1488,0,2182,0,0,22,33,0,0,0,0,0,0,0,0
"FRA1411BONG1","Bovidae","Tragelaphus","Bongo",0,10277,0,136,0,12148,125,377,3445,0,870,0,0,0,31,0,65,0,0,0,0,0,0
"FRA1411BONG2","Bovidae","Tragelaphus","Bongo",0,6625,0,72,0,8109,21,204,1434,0,114,0,0,0,0,0,0,0,0,0,0,0,0
"FRA1411FENN5","Canidae","Vulpes","Fennek",0,2108,0,0,0,9627,0,1498,0,0,0,3284,81,0,0,0,0,0,0,0,0,0,0
"FRA1411GIRA1","Giraffidae","Giraffa","Giraffe",0,1705,0,14,0,1628,0,260,566,0,132,0,0,0,0,0,0,0,0,0,0,0,0
"FRA1411GIRA2","Giraffidae","Giraffa","Giraffe",0,4410,0,124,51,5882,0,259,1666,0,315,0,0,0,0,0,12,0,0,0,0,0,0
"FRA1411ROST1","Felidae","Prionailurus","Rostkatze",0,5833,0,0,0,3064,0,1207,0,0,0,3784,72,0,0,0,0,0,0,0,0,0,0
"FRA1411ROST11","Felidae","Prionailurus","Rostkatze",207,9718,0,0,0,8735,0,3707,0,0,0,8546,1287,0,0,0,0,0,0,0,0,0,0
"FRA1411ROST12","Felidae","Prionailurus","Rostkatze",0,6054,0,0,0,2637,0,1273,0,0,0,2348,208,0,0,0,0,0,0,0,0,0,0
"FRA1411ROST14","Felidae","Prionailurus","Rostkatze",20,14039,0,0,0,5524,0,1989,0,0,0,10072,418,0,0,0,0,0,0,0,0,0,0
"FRA1411ROST15","Felidae","Prionailurus","Rostkatze",0,8669,0,0,0,2723,0,1334,0,0,0,4969,386,0,0,0,0,0,0,0,0,0,0
"FRA1411ROST2","Felidae","Prionailurus","Rostkatze",0,1741,0,0,0,4712,0,753,0,0,0,3687,0,0,0,0,0,0,0,0,0,0,0
"FRA1411ROST3","Felidae","Prionailurus","Rostkatze",0,2712,0,0,0,1507,0,848,0,0,0,2736,0,0,0,0,0,0,0,0,0,0,0
"FRA1411ROST4","Felidae","Prionailurus","Rostkatze",0,4607,0,0,0,1608,0,512,0,0,0,2591,0,0,0,0,0,0,0,0,0,0,0
"FRA1411ROST5","Felidae","Prionailurus","Rostkatze",0,4017,0,0,0,1723,0,652,0,0,0,2139,80,0,0,0,0,0,0,0,0,0,0
"FRA1411ROST6","Felidae","Prionailurus","Rostkatze",0,2251,0,0,0,3248,0,1409,0,0,0,3045,33,0,0,0,0,0,0,0,0,0,0
"FRA1411ROST7","Felidae","Prionailurus","Rostkatze",20,16811,0,0,0,14869,0,4499,0,0,0,15602,254,0,0,0,0,0,0,0,0,0,0
"FRA1411ROST8","Felidae","Prionailurus","Rostkatze",0,13916,0,0,0,6927,0,4241,0,0,0,9218,233,0,0,0,0,0,0,0,0,0,0
"FRA1411ROST9","Felidae","Prionailurus","Rostkatze",0,10328,0,0,0,6330,0,1994,0,0,0,10215,163,0,0,0,0,0,0,0,0,0,0
"FRA1411TRAM1","Camelidae","Camelus","Trampeltier",0,2927,0,223,398,2037,0,423,1373,0,746,0,0,0,0,0,12,0,0,0,0,0,0
"FRA1411TRAM2","Camelidae","Camelus","Trampeltier",0,9874,0,548,739,7478,0,1013,4872,0,2622,0,0,19,0,0,28,0,12,0,0,0,0
"FRA1411WALD11","Canidae","Speothos","Waldhund",0,3813,0,0,0,5922,0,536,0,0,0,3728,0,0,0,0,0,0,0,0,0,0,0
"FRA1411WILD10","Canidae","Lycaon","Wildhund",142,2443,0,0,0,9225,0,89,0,0,0,3832,0,0,0,0,0,0,0,0,0,0,0
"FRA1411WILD11","Canidae","Lycaon","Wildhund",0,5402,0,0,0,4498,0,104,0,0,0,1318,734,0,0,0,0,0,0,0,0,0,0
"FRA1411WILD7","Canidae","Lycaon","Wildhund",0,3135,0,0,0,6543,0,308,0,0,0,3692,76,0,0,0,0,0,0,0,0,0,0
"FRA1411WILD8","Canidae","Lycaon","Wildhund",0,6038,0,0,0,1863,0,826,0,0,0,4925,500,0,0,0,0,0,0,0,0,0,0
"FRA1411WILD9","Canidae","Lycaon","Wildhund",0,7680,0,0,0,7258,0,300,0,0,0,3105,2061,0,0,0,0,0,0,0,0,0,0
"FRA1411ZEBR1","Equidae","Equus","Grevyzebra",0,1478,0,0,201,339,0,0,1031,57,96,0,90,0,0,0,0,0,0,0,0,0,0
"FRA1411ZEBR2","Equidae","Equus","Grevyzebra",0,2080,0,0,176,1100,0,90,1432,114,51,0,214,0,0,0,0,0,0,0,0,0,0
"FRA1807KANI1","Leporidae","Oryctolagus","Kaninchen",0,11695,0,0,0,33699,116,606,0,0,6227,0,667,0,0,0,0,0,0,0,0,0,0
"FRA2506FENN1","Canidae","Vulpes","Fennek",0,4559,0,0,0,1933,0,463,0,0,0,1368,0,0,0,0,0,0,0,0,0,0,0
"FRA2506FENN2","Canidae","Vulpes","Fennek",0,3496,0,51,0,715,0,261,0,0,0,890,0,0,0,0,0,0,0,0,0,0,0
"FRA2506TIGA1","Felidae","Panthera","Tiger",0,965,0,115,0,8153,0,3047,0,0,0,2077,0,0,0,0,0,0,0,0,0,0,0
"FRA2506TIGA2","Felidae","Panthera","Tiger",0,2015,0,0,0,7330,0,353,0,0,0,1689,0,0,0,0,0,0,0,0,0,0,0
"FRA2506WALD1","Canidae","Speothos","Waldhund",0,147,0,0,0,7772,0,380,0,0,0,3683,0,0,0,0,0,0,0,0,0,0,0
"FRA2506WALD2","Canidae","Speothos","Waldhund",379,16948,0,0,0,27664,0,3009,0,0,0,18766,387,0,0,0,0,0,0,0,0,0,0
"FRA2506WILD1","Canidae","Lycaon","Wildhund",0,1156,0,0,0,69,0,0,0,0,0,583,40,0,0,0,0,0,0,0,0,0,0
"FRA2506WILD2","Canidae","Lycaon","Wildhund",0,1378,0,0,0,288,0,113,0,0,0,699,0,0,0,0,0,0,0,0,0,0,0
"FRA2506WILD3","Canidae","Lycaon","Wildhund",0,862,0,0,0,558,0,0,0,0,0,505,76,0,0,0,0,0,0,0,0,0,0
"FRA2508KANI1","Leporidae","Oryctolagus","Kaninchen",0,7151,0,0,0,10810,0,533,0,0,2354,0,0,0,0,0,0,0,0,0,0,0,0
"FRA2508KANI2","Leporidae","Oryctolagus","Kaninchen",0,5142,0,0,0,6069,0,392,0,0,681,0,0,0,0,0,0,0,0,0,0,0,0
"FRA2606TIGA3","Felidae","Panthera","Tiger",0,94,0,0,0,2350,0,11106,0,0,0,1390,0,0,0,0,0,0,0,0,0,0,0
"FRA2606TIGA4","Felidae","Panthera","Tiger",0,1483,0,0,0,3059,0,160,0,0,0,2550,0,0,0,0,0,0,0,0,0,0,0
"FRA2606WALD3","Canidae","Speothos","Waldhund",71,578,0,0,0,3158,0,0,0,0,0,3801,0,0,0,0,0,0,0,0,0,0,0
"FRA2606WALD4","Canidae","Speothos","Waldhund",0,954,0,0,0,1484,0,3820,0,0,0,2260,0,0,0,0,0,0,0,0,0,0,0
"FRA2706TIGA5","Felidae","Panthera","Tiger",0,4775,0,0,0,1454,0,1434,0,0,0,3881,20,0,0,0,0,0,0,0,0,0,0
"FRA2706TIGA6","Felidae","Panthera","Tiger",0,427,0,0,0,4809,0,2159,0,0,0,2468,0,0,0,0,0,0,0,0,0,0,0
"FRA2806TIGA7","Felidae","Panthera","Tiger",0,2651,0,0,0,4996,0,2957,0,0,0,1730,0,0,0,0,0,0,0,0,0,0,0
"FRA2806TIGA8","Felidae","Panthera","Tiger",0,203,0,0,0,4467,0,688,0,0,0,746,0,0,0,0,0,0,0,0,0,0,0
"FRA2806WALD5","Canidae","Speothos","Waldhund",0,451,0,0,0,6179,0,5283,0,0,0,1081,500,0,0,0,0,0,0,0,0,0,0
"FRA2806WALD6","Canidae","Speothos","Waldhund",0,2179,0,0,0,1724,0,488,0,0,0,2065,0,0,0,0,0,0,0,0,0,0,0
"FRA2906TIGA9","Felidae","Panthera","Tiger",0,3284,0,111,0,9033,0,1041,0,0,55,2400,356,0,0,0,0,0,0,0,0,0,0
"FRA2906WALD7","Canidae","Speothos","Waldhund",0,4435,0,0,0,700,0,524,0,0,0,4139,54,0,0,0,0,0,0,0,0,0,0
"FRA2906WALD8","Canidae","Speothos","Waldhund",0,2311,0,0,0,2001,0,322,0,0,0,2760,14,0,0,0,0,0,0,0,0,0,0
"FRA3006LOEW1","Felidae","Panthera","Loewe",0,1735,0,0,0,1429,0,199,0,0,0,358,0,0,0,0,0,0,0,0,0,0,0
"FRA3006LOEW2","Felidae","Panthera","Loewe",163,770,0,0,0,6223,0,1172,0,0,0,1642,322,0,0,0,0,0,0,0,0,0,0
"FRA3007KANI1","Leporidae","Oryctolagus","Kaninchen",0,7697,0,0,0,11373,86,337,0,0,2764,0,144,0,0,0,0,0,0,0,0,0,0
"FRA3007KANI2","Leporidae","Oryctolagus","Kaninchen",0,4958,0,0,0,8240,86,153,0,0,1622,0,120,0,0,0,0,0,0,0,0,0,0
"GEL0910BRAU1","Ursidae","Ursus","Braunbaer",0,0,0,0,0,7393,0,11547,0,0,0,0,0,0,0,0,0,0,0,0,0,0,0
"GEL0910BRAU2","Ursidae","Ursus","Braunbaer",0,0,0,0,0,4504,0,2538,0,0,0,590,86,0,0,0,0,0,0,0,0,0,0
"GEL0910BRAU3","Ursidae","Ursus","Braunbaer",0,0,0,0,0,12231,0,13378,0,0,0,195,32,0,0,0,0,0,0,0,0,0,0
"GEL0910BRAU4","Ursidae","Ursus","Braunbaer",0,0,0,0,0,7207,0,6832,0,0,0,314,19,0,0,0,0,0,0,0,0,0,0
"GEL0910EISB1","Ursidae","Ursus","Eisbaer",0,83,0,0,0,4208,0,5017,0,0,0,585,26,0,0,0,0,0,0,0,0,0,0
"GEL0910EISB2","Ursidae","Ursus","Eisbaer",26,783,0,0,0,17647,0,6543,0,0,0,6747,24,0,0,0,0,0,0,0,0,0,0
"GEL0910EISB3","Ursidae","Ursus","Eisbaer",75,27,0,0,0,11393,0,10120,0,0,0,5162,0,0,0,0,0,0,0,0,0,0,0
"GEL0910ERDM1","Herpestidae","Suricata","Erdmaennchen",0,407,0,0,0,4018,0,10364,0,0,0,327,0,0,13,0,0,0,0,0,0,0,0
"GEL0910ERDM2","Herpestidae","Suricata","Erdmaennchen",0,3220,0,0,0,3054,0,5927,0,0,0,1363,0,0,0,0,0,0,0,0,0,0,0
"GEL0910ERDM3","Herpestidae","Suricata","Erdmaennchen",0,3043,0,0,0,2856,0,2163,0,0,0,1275,0,0,0,0,0,0,0,0,0,0,0
"GEL0910FLUS1","Hippopotamidae","Hippopotamus","Flusspferd",0,3027,0,26,0,3154,25,6277,0,0,0,0,0,0,67,0,0,0,0,0,0,0,0
"GEL0910FLUS2","Hippopotamidae","Hippopotamus","Flusspferd",0,1936,0,37,0,5463,17,2031,0,0,0,0,0,0,283,0,0,0,0,0,0,0,0
"GEL0910FLUS3","Hippopotamidae","Hippopotamus","Flusspferd",0,1872,0,145,0,4788,22,2059,0,0,0,0,0,0,0,0,0,0,0,0,0,0,0
"GEL0910IMPA1","Bovidae","Aepyceros","Impala",0,3405,0,345,0,2768,0,114,648,0,198,0,0,0,0,0,0,0,0,0,0,0,0
"GEL0910IMPA2","Bovidae","Aepyceros","Impala",0,1930,0,109,0,1795,42,0,360,0,185,0,0,0,0,0,0,0,0,0,0,0,0
"GEL0910IMPA3","Bovidae","Aepyceros","Impala",0,4820,0,325,42,4097,0,147,1118,0,95,0,0,28,0,0,0,0,0,0,0,0,0
"GEL0910IMPA4","Bovidae","Aepyceros","Impala",0,1156,0,0,0,630,0,96,132,0,85,0,0,0,0,0,20,0,0,0,0,0,0
"GEL0910KAMT1","Ursidae","Ursus","Braunbaer",0,21,0,0,0,6651,0,5410,0,0,0,6064,0,0,0,0,0,0,0,0,0,0,0
"GEL0910KAMT2","Ursidae","Ursus","Braunbaer",0,0,0,0,0,3576,0,2272,0,0,0,3635,0,0,0,0,0,0,0,0,0,0,0
"GEL0910KAMT3","Ursidae","Ursus","Braunbaer",0,0,0,0,0,4179,0,3465,0,0,0,5625,0,0,0,0,0,0,0,0,0,0,0
"GEL0910KUOT1","Mustelidae","Aonyx","Kurzkrallenotter",0,46,0,0,0,5408,0,16198,0,0,0,0,0,0,0,0,0,0,0,0,0,0,0
"GEL0910KUOT2","Mustelidae","Aonyx","Kurzkrallenotter",0,534,0,0,0,8702,0,12308,0,0,0,51,0,0,0,0,0,0,0,0,0,0,0
"GEL0910KUOT3","Mustelidae","Aonyx","Kurzkrallenotter",0,0,0,0,0,5721,0,13341,0,0,0,0,0,0,0,0,0,0,0,0,0,0,0
"GEL0910NASH1","Rhinocerotidae","Ceratotherium","Breitmaulnashorn",0,11037,49,261,794,6851,263,0,3403,64,32,0,0,0,93,0,0,0,0,0,0,0,0
"GEL0910NASH2","Rhinocerotidae","Ceratotherium","Breitmaulnashorn",0,5196,0,501,263,2341,0,0,1476,62,60,0,0,0,0,0,40,0,0,0,0,0,0
"GEL0910ORAN2","Homininae","Pongo","Orang-Utan",0,4731,0,923,18,6736,43,1192,1632,380,2331,0,279,1316,0,0,0,0,0,0,0,0,0
"GEL0910RENT1","Cervidae","Rangifer","Rentier",0,6529,24,499,373,7715,0,127,1210,0,316,0,0,23,0,0,0,0,0,0,0,0,0
"GEL0910RENT2","Cervidae","Rangifer","Rentier",0,4457,0,404,248,4173,0,32,868,0,657,0,0,15,0,0,0,0,0,0,0,0,0
"GEL0910RENT3","Cervidae","Rangifer","Rentier",0,4339,0,201,232,3586,0,0,753,0,665,0,0,0,0,0,32,0,0,0,0,0,0
"GEL1707GIRA1","Giraffidae","Giraffa","Giraffe",0,3923,0,282,0,3134,0,41,815,0,0,0,0,0,0,0,0,0,0,0,0,0,0
"GEL1707GIRA2","Giraffidae","Giraffa","Giraffe",0,2968,0,320,153,2947,0,106,1501,0,55,0,0,0,0,0,0,0,0,0,0,0,0
"GEL1707GIRA3","Giraffidae","Giraffa","Giraffe",0,2713,0,495,84,3628,0,101,1040,0,430,0,0,0,0,0,0,0,0,0,0,0,0
"GEL1707GIRA4","Giraffidae","Giraffa","Giraffe",0,3769,0,551,0,4707,0,111,1050,0,0,0,0,0,28,0,0,0,0,0,0,0,0
"GEL1707GIRA5","Giraffidae","Giraffa","Giraffe",0,3682,0,220,0,3141,0,94,968,0,114,0,0,0,0,0,0,0,0,0,0,0,0
"GEL1707GIRA6","Giraffidae","Giraffa","Giraffe",0,3271,0,380,135,2849,0,171,1098,0,50,0,0,0,32,0,0,0,0,0,0,0,0
"GEL1707GIRA7","Giraffidae","Giraffa","Giraffe",0,2645,0,517,81,2941,0,162,1385,0,52,0,0,0,0,0,0,0,0,0,0,0,0
"GEL1707GIRA8","Giraffidae","Giraffa","Giraffe",0,5350,0,651,302,5397,0,217,2027,0,185,0,0,0,78,0,0,0,0,0,0,0,0
"GEL1707NASH1","Rhinocerotidae","Ceratotherium","Breitmaulnashorn",0,5742,32,350,131,3993,0,565,2993,0,41,0,0,0,119,0,0,0,0,0,0,0,0
"GEL1707NASH2","Rhinocerotidae","Ceratotherium","Breitmaulnashorn",0,7319,23,207,1939,4512,0,0,2215,39,34,0,0,0,66,0,0,0,0,0,0,0,0
"GEL1707NASH3","Rhinocerotidae","Ceratotherium","Breitmaulnashorn",0,9639,64,946,1217,7428,0,0,3673,69,41,0,0,0,285,0,0,0,0,0,0,0,0
"HEI0208TIGRW","Felidae","Panthera","Tiger",0,349,0,0,0,3751,0,928,0,0,0,856,0,0,0,0,0,0,0,0,0,0,0
"HEI0911BAER1","Ursidae","Ursus","Braunbaer",0,0,0,0,0,21240,0,6790,0,0,0,0,0,0,0,0,0,0,0,0,0,0,0
"HEI0911BAER2","Ursidae","Ursus","Braunbaer",0,0,0,0,0,5616,0,2672,0,0,0,0,0,0,0,0,0,0,0,0,0,0,0
"HEI1011BAER1","Ursidae","Ursus","Braunbaer",0,0,0,0,0,26325,0,2225,0,0,0,0,0,0,0,0,0,0,0,0,0,0,0
"HEI1011BAER2","Ursidae","Ursus","Braunbaer",0,0,0,0,0,17426,0,1523,0,0,0,0,0,0,0,0,0,0,0,0,0,0,0
"HEI1111BAER1","Ursidae","Ursus","Braunbaer",0,0,0,0,0,15717,0,48,0,0,0,0,0,0,0,0,0,0,0,0,0,0,0
"HEI1111BAER2","Ursidae","Ursus","Braunbaer",0,0,0,0,0,12382,0,3300,0,0,0,0,0,0,0,0,0,0,0,0,0,0,0
"HEI1206TIGA1","Felidae","Panthera","Tiger",0,1749,0,0,0,5685,0,4199,0,0,0,4650,0,0,0,0,0,0,0,0,0,0,0
"HEI1206TIGA2","Felidae","Panthera","Tiger",0,2006,0,0,0,8407,0,2464,0,0,0,2779,0,0,0,0,0,0,0,0,0,0,0
"HEI1211BAER1","Ursidae","Ursus","Braunbaer",0,0,0,0,0,16474,0,671,0,0,0,0,0,0,0,0,0,0,0,0,0,0,0
"HEI1211BAER2","Ursidae","Ursus","Braunbaer",0,13,0,0,0,45840,0,5020,0,0,0,177,0,0,0,0,0,0,0,0,0,0,0
"HEI1311BAER1","Ursidae","Ursus","Braunbaer",0,0,0,0,0,13733,0,1143,0,0,0,0,0,0,0,0,0,0,0,0,0,0,0
"HEI1311BAER2","Ursidae","Ursus","Braunbaer",0,0,0,0,0,18188,0,409,0,0,0,0,0,0,0,0,0,0,0,0,0,0,0
"HEI1411BAER1","Ursidae","Ursus","Braunbaer",0,0,0,0,0,9674,0,3736,0,0,0,0,147,0,0,0,0,0,0,0,0,0,0
"HEI1411BAER2","Ursidae","Ursus","Braunbaer",0,0,0,0,0,18761,0,4072,0,0,0,14,0,0,0,0,0,0,0,0,0,0,0
"HEI1511BAER1","Ursidae","Ursus","Braunbaer",0,0,0,0,0,7498,0,3132,0,0,0,0,0,0,0,0,0,0,0,0,0,0,0
"HEI1511BAER2","Ursidae","Ursus","Braunbaer",0,0,0,0,0,12562,0,1535,0,0,0,0,0,0,0,0,0,0,0,0,0,0,0
"HEI1611BAER2","Ursidae","Ursus","Braunbaer",0,0,0,0,0,13305,0,1639,0,0,0,0,0,0,0,0,0,0,0,0,0,0,0
"HEI1710BAERW","Ursidae","Ursus","Braunbaer",0,0,0,0,0,4653,0,879,0,0,0,0,235,0,0,0,0,0,0,0,0,0,0
"HEI1908BAERK","Ursidae","Ursus","Braunbaer",0,0,0,0,0,3790,0,4700,0,0,0,0,0,0,0,0,0,0,0,0,0,0,0
"HEI2002ZEBR1","Equidae","Equus","Steppenzebra",0,584,0,39,464,410,0,0,368,0,0,0,0,0,0,0,0,0,0,0,0,0,0
"HEI2002ZEBR2","Equidae","Equus","Steppenzebra",0,2909,0,196,911,3548,0,0,2470,20,22,0,0,0,0,0,0,0,0,0,0,0,0
"HEI2002ZEBR3","Equidae","Equus","Steppenzebra",0,1174,0,164,294,876,0,0,752,0,0,0,0,0,0,0,0,0,0,0,0,0,0
"KLN1707GIRA1","Giraffidae","Giraffa","Giraffe",0,4632,0,143,0,5102,66,884,591,0,67,0,0,0,0,0,0,0,0,0,0,0,0
"KLN1707GIRA2","Giraffidae","Giraffa","Giraffe",0,4569,0,298,250,5800,0,76,1600,0,504,23,0,10,0,0,0,0,0,0,0,0,0
"KLN1707GIRA3","Giraffidae","Giraffa","Giraffe",0,5361,0,148,271,5981,65,346,1002,0,385,0,0,0,0,0,20,0,0,0,0,0,0
"KLN1707GIRA4","Giraffidae","Giraffa","Giraffe",0,10182,0,397,356,9774,0,261,1537,0,223,0,0,0,19,0,0,0,0,0,0,0,0
"KLN1707OKAP1","Giraffidae","Okapia","Okapi",0,10323,0,385,0,8651,77,2150,2281,0,220,0,19,0,0,0,0,0,0,0,0,0,0
"KLN1707OKAP2","Giraffidae","Okapia","Okapi",0,6890,0,432,0,8070,0,1514,985,0,874,0,0,0,0,0,0,0,0,0,0,0,0
"KLN1707OKAP3","Giraffidae","Okapia","Okapi",0,10494,0,843,0,10773,70,1932,1870,0,2516,0,0,47,0,0,0,0,0,0,0,0,0
"KLN1707ORAN1","Homininae","Pongo","Orang-Utan",0,7660,0,171,0,6266,86,329,1546,0,0,0,0,26,0,0,0,0,0,41,0,0,0
"KLN1707ORAN2","Homininae","Pongo","Orang-Utan",0,8249,0,304,70,6762,106,345,1467,0,0,0,0,46,0,0,0,0,0,77,0,0,0
"KLN1707VARI1","Lemuridae","Varecia","Vari",0,12169,0,325,0,3519,0,3439,3023,0,537,0,0,0,0,0,0,0,0,0,0,0,0
"KLN1707VARI2","Lemuridae","Varecia","Vari",0,9163,0,1186,0,2300,0,1505,4899,0,1001,874,0,0,0,0,514,0,0,0,0,0,0
"KLN1805ZEBR1","Equidae","Equus","Grevyzebra",314,767,0,174,121,7021,0,843,876,0,278,0,0,15,0,0,0,0,0,0,0,0,0
"KLN1805ZEBR2","Equidae","Equus","Grevyzebra",629,554,0,292,103,6878,0,30,933,0,306,0,0,0,0,0,0,0,0,0,0,0,0
"KLN1805ZEBR3","Equidae","Equus","Grevyzebra",360,809,0,446,131,8612,0,0,1513,0,127,0,0,0,0,0,0,0,0,0,0,0,0
"KLN1905ERDM1","Herpestidae","Suricata","Erdmaennchen",55,0,0,0,0,4555,0,13580,0,0,0,0,0,0,0,0,0,0,0,0,0,0,0
"KLN1905ERDM2","Herpestidae","Suricata","Erdmaennchen",126,24,0,0,0,11120,0,5157,0,0,0,138,0,0,0,0,0,0,0,0,0,0,0
"KLN1905NASH1","Rhinocerotidae","Diceros","Spitzmaulnashorn",0,3962,0,182,58,13909,96,554,2977,450,522,0,0,49,0,0,0,0,0,0,0,0,0
"KLN1905ZEBR1","Equidae","Equus","Grevyzebra",61,921,0,158,101,11278,26,48,910,0,381,0,0,0,0,0,0,0,0,0,0,0,0
"KLN1905ZEBR2","Equidae","Equus","Grevyzebra",1204,1176,0,264,76,9970,0,0,2377,0,224,0,0,11,0,0,0,0,0,0,0,0,0
"KLN2005ERDM1","Herpestidae","Suricata","Erdmaennchen",0,20,0,0,0,11636,0,11,0,0,0,0,0,0,0,0,0,0,0,0,0,0,0
"KLN2005ERDM2","Herpestidae","Suricata","Erdmaennchen",479,0,0,0,0,11359,0,28,0,0,0,0,0,0,0,0,0,0,0,0,0,0,0
"KLN2005NASH1","Rhinocerotidae","Diceros","Spitzmaulnashorn",118,3828,0,535,252,7829,150,50,957,434,1122,0,0,69,0,0,0,0,0,0,0,0,0
"KLN2005NASH2","Rhinocerotidae","Diceros","Spitzmaulnashorn",134,4669,0,258,238,6885,137,1503,505,537,907,0,0,167,0,0,0,0,0,0,0,0,0
"KLN2802FLUS1","Hippopotamidae","Hippopotamus","Flusspferd",0,162,0,298,0,9701,0,21,0,0,0,0,0,0,58,0,0,0,0,0,0,0,0
"KLN2802FLUS2","Hippopotamidae","Hippopotamus","Flusspferd",402,56,0,1251,0,14819,0,190,0,0,0,0,0,0,0,0,0,0,0,0,0,0,0
"KLN2802FLUS3","Hippopotamidae","Hippopotamus","Flusspferd",93,373,0,711,0,9578,0,51,0,0,0,0,0,0,60,0,0,0,0,0,0,0,0
"KLN2802FLUS4","Hippopotamidae","Hippopotamus","Flusspferd",0,1471,0,579,0,8074,0,86,0,0,0,0,0,0,0,0,0,0,0,0,0,0,0
"KLN2802FLUS5","Hippopotamidae","Hippopotamus","Flusspferd",182,0,0,558,0,8558,0,319,0,0,0,0,0,0,0,0,0,0,0,0,0,0,0
"KLN2802GORI1","Homininae","Gorilla","Gorilla",264,695,0,559,0,4976,0,372,228,0,0,0,0,0,0,0,0,0,0,0,0,0,0
"KLN2802GORI2","Homininae","Gorilla","Gorilla",492,57,0,900,0,7601,0,217,0,0,0,0,0,0,0,0,0,0,0,0,0,0,0
"KLN2802GORI3","Homininae","Gorilla","Gorilla",261,1146,0,491,0,7352,0,666,671,0,0,0,0,0,0,0,0,0,0,0,0,0,0
"KLN2802GORI4","Homininae","Gorilla","Gorilla",412,107,0,884,0,7391,0,229,195,0,0,0,0,0,0,0,0,0,0,0,0,0,0
"KLN2802IMPA1","Bovidae","Aepyceros","Impala",0,546,0,305,45,808,0,0,187,0,108,0,0,0,0,0,0,0,0,0,0,0,0
"KLN2802IMPA2","Bovidae","Aepyceros","Impala",0,1023,0,287,138,1341,36,0,125,0,485,0,0,0,0,0,0,0,0,0,0,0,0
"KLN2802IMPA3","Bovidae","Aepyceros","Impala",0,2015,0,556,209,1517,0,0,287,0,110,0,0,0,0,0,0,0,0,0,0,0,0
"KLN2802IMPA4","Bovidae","Aepyceros","Impala",0,923,15,279,192,970,0,0,41,0,279,0,0,0,0,0,0,0,0,0,0,0,0
"KLN2802IMPA5","Bovidae","Aepyceros","Impala",0,1132,0,524,160,1252,0,0,166,0,258,0,0,0,0,0,0,0,0,0,0,0,0
"KLN2802PINS1","Suidae","Potamochoerus","Pinselohrschwein",350,1617,0,362,0,8655,0,0,1575,0,0,0,0,0,0,0,0,0,0,0,0,0,0
"KLN2802PINS2","Suidae","Potamochoerus","Pinselohrschwein",0,1464,0,787,0,5031,0,0,1607,0,15,0,0,22,0,0,0,0,0,0,0,0,0
"KLN2802PINS3","Suidae","Potamochoerus","Pinselohrschwein",433,2110,0,581,0,12557,0,0,2174,0,27,0,0,0,0,0,0,0,0,0,0,0,0
"KLN2802PINS4","Suidae","Potamochoerus","Pinselohrschwein",332,1807,0,520,0,11411,0,0,1760,0,0,0,0,0,0,0,0,0,0,0,0,0,0
"KLN2802PINS5","Suidae","Potamochoerus","Pinselohrschwein",0,1613,0,577,0,3423,0,28,1685,0,35,0,0,20,0,0,0,0,0,0,0,0,0
"KLN2802TIGA1","Felidae","Panthera","Tiger",0,0,0,0,0,28442,0,0,0,0,0,0,0,0,0,0,0,0,0,0,0,0,0
"KLN2802TIGA2","Felidae","Panthera","Tiger",181,3086,0,0,0,6255,0,7346,0,0,0,272,0,0,0,0,0,0,0,0,0,0,0
"KLN2802TIGA4","Felidae","Panthera","Tiger",0,4081,0,0,0,21402,49,649,0,0,0,1769,0,0,0,0,0,0,0,0,0,0,0
"KLN2802TIGA5","Felidae","Panthera","Tiger",597,288,0,0,0,18717,0,7858,0,0,0,105,0,0,0,0,0,0,0,0,0,0,0
"KLN2802TRAM1","Camelidae","Camelus","Trampeltier",0,1040,0,196,42,1647,0,0,652,0,314,0,0,0,0,0,0,0,0,0,0,0,0
"KLN2802TRAM2","Camelidae","Camelus","Trampeltier",0,1949,89,782,0,1500,0,57,345,0,423,0,10,0,0,0,0,0,0,0,0,0,0
"KLN2802TRAM3","Camelidae","Camelus","Trampeltier",0,1558,0,609,0,1248,0,0,495,0,435,0,0,0,0,0,0,0,0,0,0,0,0
"KRE0706GEPA1","Felidae","Acinonyx","Gepard",0,347,0,0,0,1312,0,0,0,0,0,491,0,0,0,0,0,0,0,0,0,0,0
"KRE0706GEPA2","Felidae","Acinonyx","Gepard",0,783,0,0,0,1833,0,131,0,0,0,1317,30,0,0,0,0,0,0,0,0,0,0
"KRE0706GEPA3","Felidae","Acinonyx","Gepard",0,819,0,0,0,4940,0,44,0,0,0,1015,70,0,0,0,0,0,0,0,0,0,0
"KRE0706GEPA4","Felidae","Acinonyx","Gepard",0,131,0,0,0,704,0,877,0,0,0,0,0,0,0,0,0,0,0,0,0,0,0
"KRE0706JAGU1","Felidae","Panthera","Jaguar",0,176,0,0,0,3895,0,159,0,0,0,0,0,0,0,0,0,0,0,0,0,0,0
"KRE0706JAGU2","Felidae","Panthera","Jaguar",0,798,0,0,0,2319,0,113,0,0,0,834,117,0,0,0,0,0,0,0,0,0,0
"KRE0706JAGU3","Felidae","Panthera","Jaguar",0,543,0,0,0,2819,0,67,0,0,0,173,0,0,0,0,0,0,0,0,0,0,0
"KRE0706JAGU4","Felidae","Panthera","Jaguar",0,0,0,0,0,4696,0,131,0,0,0,0,0,0,0,0,0,0,0,0,0,0,0
"KRE0706LOEF1","Canidae","Otocyon","Loeffelhund",0,1001,0,0,0,3300,0,149,0,0,0,1451,0,0,0,0,0,0,0,0,0,0,0
"KRE0706LOEF2","Canidae","Otocyon","Loeffelhund",0,887,0,0,0,31,0,320,0,0,0,321,0,0,0,0,0,0,0,0,0,0,0
"KRE0706LOEF3","Canidae","Otocyon","Loeffelhund",0,2273,0,0,0,1059,0,300,0,0,0,899,0,0,0,0,0,0,0,0,0,0,0
"KRE0706PAND1","Ailuridae","Ailurus","Roter_Panda",0,0,0,0,0,5334,0,4624,0,0,0,0,0,0,0,0,0,0,0,0,0,0,0
"KRE0706PAND2","Ailuridae","Ailurus","Roter_Panda",0,0,0,0,0,5449,0,4273,0,0,0,0,0,0,0,0,0,0,0,0,0,0,0
"KRE0706PAND3","Ailuridae","Ailurus","Roter_Panda",0,0,0,0,0,2850,0,2869,0,0,0,0,0,0,0,0,0,0,0,0,0,0,0
"KRE0706SEEL1","Felidae","Panthera","Schneeleopard",253,185,0,0,0,4044,0,1440,0,0,0,374,164,0,0,0,0,0,0,0,0,0,0
"KRE0706SEEL2","Felidae","Panthera","Schneeleopard",0,692,0,0,0,3170,0,335,0,0,0,3799,0,0,0,0,0,0,0,0,0,0,0
"KRE0706SEEL3","Felidae","Panthera","Schneeleopard",0,1253,0,0,0,3740,0,103,0,0,0,1059,100,0,0,0,0,0,0,0,0,0,0
"KRE0706SEEL4","Felidae","Panthera","Schneeleopard",161,382,0,0,0,4070,0,1063,0,0,0,3237,0,0,0,0,0,0,0,0,0,0,0
"KRE1306GEPA3","Felidae","Acinonyx","Gepard",0,95,0,0,0,7048,0,34,0,0,0,0,0,0,0,0,0,0,0,0,0,0,0
"KRE1306GEPA4","Felidae","Acinonyx","Gepard",0,563,0,0,0,3519,0,0,0,0,0,2032,0,0,0,0,0,0,0,0,0,0,0
"KRE1406JAGU5","Felidae","Panthera","Jaguar",0,18,0,0,0,3528,0,422,0,0,0,289,0,0,0,0,0,0,0,0,0,0,0
"KRE1406JAGU6","Felidae","Panthera","Jaguar",0,146,0,0,0,1770,0,1093,0,0,0,503,0,0,0,0,0,0,0,0,0,0,0
"KRE1406JAGU7","Felidae","Panthera","Jaguar",0,0,0,0,0,2041,0,0,0,0,0,0,0,0,0,0,0,0,0,0,0,0,0
"KRE1406LOEF4","Canidae","Otocyon","Loeffelhund",0,1264,0,0,0,315,0,131,106,0,0,192,0,0,0,0,0,0,0,0,0,0,0
"KRE1406PAND4","Ailuridae","Ailurus","Roter_Panda",0,35,0,0,0,8549,0,2701,0,0,0,50,0,0,0,0,0,0,0,0,0,0,0
"KRE1406SEEL5","Felidae","Panthera","Schneeleopard",638,2791,0,0,0,7255,0,2320,0,0,32,371,86,0,0,0,0,0,0,0,0,0,0
"KRE1406SEEL6","Felidae","Panthera","Schneeleopard",137,2221,0,0,0,9019,0,1671,0,0,0,2076,1283,0,0,0,0,0,0,0,0,0,0
"LAN0108GNUS1","Bovidae","Connochaetes","Gnu",0,11087,29,3576,0,17541,86,97,1203,0,1026,0,0,12,0,0,58,0,0,0,0,0,0
"LAN0108GNUS2","Bovidae","Connochaetes","Gnu",0,2582,0,1131,171,5538,0,0,687,0,450,0,0,0,0,0,0,0,0,0,0,0,0
"LAN0108GNUS3","Bovidae","Connochaetes","Gnu",0,4278,43,1597,0,7413,0,36,192,0,387,0,0,0,0,0,0,0,0,0,0,0,0
"LAN0108ZEBR1","Equidae","Equus","Bergzebra",50,850,26,561,59,4196,0,21,1411,129,29,0,23,0,0,0,0,0,0,0,0,0,0
"LAN0108ZEBR2","Equidae","Equus","Bergzebra",0,3018,0,1892,141,5837,0,28,2619,68,136,0,17,0,0,0,0,0,0,0,0,0,0
"LAN0208GNUS1","Bovidae","Connochaetes","Gnu",48,6099,0,3358,0,11559,60,37,976,0,514,0,0,11,0,0,0,0,0,0,0,0,0
"LAN0208GNUS2","Bovidae","Connochaetes","Gnu",0,2052,0,846,0,2681,0,0,189,0,67,0,0,0,0,0,0,0,0,0,0,0,0
"LAN0208GNUS3","Bovidae","Connochaetes","Gnu",0,3526,28,501,429,6208,0,30,750,0,861,0,0,21,0,0,11,0,0,0,0,0,0
"LAN0208ZEBR1","Equidae","Equus","Bergzebra",60,3790,0,1208,350,10084,40,24,5537,260,103,0,0,42,0,0,0,0,0,0,0,0,0
"LAN0208ZEBR2","Equidae","Equus","Bergzebra",35,4935,0,1101,500,10772,88,230,5201,141,1296,0,146,0,0,0,0,0,0,0,0,0,0
"LAN0305GEPA3","Felidae","Acinonyx","Gepard",0,459,0,0,0,1013,0,135,0,0,0,345,0,0,0,0,0,0,0,0,0,0,0
"LAN0305GEPA4","Felidae","Acinonyx","Gepard",0,455,0,0,0,684,0,404,0,0,0,741,0,0,0,0,0,0,0,0,0,0,0
"LAN0305TIGA2","Felidae","Panthera","Tiger",0,487,0,0,0,1979,0,77,0,0,0,831,0,0,0,0,0,0,0,0,0,0,0
"LAN0305WALD1","Canidae","Speothos","Waldhund",0,1236,0,0,0,1484,0,123,0,0,0,2927,0,0,0,0,0,0,0,0,0,0,0
"LAN0308GNUS1","Bovidae","Connochaetes","Gnu",0,2882,0,938,0,4833,38,39,668,0,503,0,0,0,0,0,20,0,0,0,0,0,0
"LAN0308GNUS2","Bovidae","Connochaetes","Gnu",0,5433,32,1652,481,9250,110,28,1024,0,632,0,0,39,0,0,0,0,0,0,0,0,0
"LAN0308GNUS3","Bovidae","Connochaetes","Gnu",69,1401,0,575,0,2165,0,10,63,0,403,0,0,0,0,0,0,0,0,0,0,0,0
"LAN0308ZEBR1","Equidae","Equus","Bergzebra",0,1057,0,324,159,4699,0,49,2274,213,50,0,23,0,0,0,0,0,0,0,0,0,0
"LAN0308ZEBR2","Equidae","Equus","Bergzebra",0,2286,0,276,127,3421,17,82,1898,18,333,0,34,0,0,0,0,0,0,0,0,0,0
"LAN0606GNUS1","Bovidae","Connochaetes","Gnu",0,19392,0,465,979,20240,131,335,2607,0,3921,0,0,54,0,0,71,0,0,0,0,0,0
"LAN0606GNUS2","Bovidae","Connochaetes","Gnu",0,5838,0,113,387,5034,0,163,765,0,1434,0,0,19,0,0,37,0,0,0,0,0,0
"LAN0606GNUS3","Bovidae","Connochaetes","Gnu",0,8194,0,249,499,6383,64,216,1060,0,2229,0,0,0,0,0,49,0,0,0,0,0,0
"LAN0606GNUS4","Bovidae","Connochaetes","Gnu",0,5667,0,127,369,5096,25,128,710,0,1516,0,0,11,0,0,19,0,0,0,0,0,0
"LAN1312GNUS1","Bovidae","Connochaetes","Gnu",0,9412,0,1157,0,13297,0,61,245,0,611,0,0,27,0,0,0,0,0,0,0,0,0
"LAN1312GNUS2","Bovidae","Connochaetes","Gnu",0,5025,71,393,0,5509,0,0,116,0,423,0,0,12,0,0,0,0,0,0,0,0,0
"LAN1312ZEBR1","Equidae","Equus","Bergzebra",0,1203,0,39,239,1552,0,0,939,111,33,0,0,0,0,0,0,0,0,0,0,0,0
"LAN1312ZEBR2","Equidae","Equus","Bergzebra",0,202,0,0,0,158,0,0,314,22,0,0,0,0,0,0,0,0,0,0,0,0,0
"LAN1412GNUS1","Bovidae","Connochaetes","Gnu",0,12831,0,1722,0,19744,0,223,188,0,370,0,0,35,0,0,0,0,0,0,0,0,0
"LAN1412GNUS2","Bovidae","Connochaetes","Gnu",0,7320,50,1256,0,7889,0,59,213,0,397,0,0,0,0,0,0,0,0,0,0,0,0
"LAN1412ZEBR1","Equidae","Equus","Bergzebra",0,989,0,225,160,1686,0,0,843,104,111,0,0,0,0,0,0,0,0,0,0,0,0
"LAN1412ZEBR2","Equidae","Equus","Bergzebra",0,1087,0,44,228,1351,0,20,1053,0,0,0,0,0,0,0,0,0,0,0,0,0,0
"LAN1511ZEBR1","Equidae","Equus","Bergzebra",0,881,0,219,57,892,0,0,370,89,112,0,22,0,0,0,0,0,0,0,0,0,0
"LAN1511ZEBR2","Equidae","Equus","Bergzebra",0,344,0,0,0,652,0,0,563,0,0,0,0,0,0,0,0,0,0,0,0,0,0
"LAN1512GEPA2","Felidae","Acinonyx","Gepard",283,1544,0,0,0,16363,0,1699,0,0,27,4114,34,0,0,0,0,0,0,0,0,0,0
"LAN1512GNUS1","Bovidae","Connochaetes","Gnu",0,2229,0,279,0,2474,0,47,102,0,131,0,0,0,0,0,0,0,0,0,0,0,0
"LAN1512GNUS2","Bovidae","Connochaetes","Gnu",387,11437,306,2979,0,17762,0,33,204,0,1235,0,0,0,0,0,0,0,0,0,0,0,0
"LAN1612GEPA1","Felidae","Acinonyx","Gepard",260,281,0,0,0,15463,0,1173,0,0,0,4318,0,0,0,0,0,0,0,0,0,0,0
"LAN1612GNUS1","Bovidae","Connochaetes","Gnu",0,1790,46,445,0,2365,0,12,119,0,276,0,0,0,0,0,0,0,0,0,0,0,0
"LAN1612GNUS2","Bovidae","Connochaetes","Gnu",0,1540,54,552,0,3153,0,29,110,0,50,0,0,13,0,0,0,0,0,0,0,0,0
"LAN1612ZEBR1","Equidae","Equus","Bergzebra",0,526,0,96,0,656,0,0,492,123,0,0,0,0,0,0,0,0,0,0,0,0,0
"LAN1612ZEBR2","Equidae","Equus","Bergzebra",0,348,0,54,62,519,0,0,242,18,0,0,0,0,0,0,0,0,0,0,0,0,0
"LAN1711ZEBR1","Equidae","Equus","Bergzebra",0,1346,0,93,140,1743,0,0,1419,135,0,0,16,0,0,0,0,0,0,0,0,0,0
"LAN1711ZEBR2","Equidae","Equus","Bergzebra",0,65,0,0,70,246,0,0,295,0,0,0,0,0,0,0,0,0,0,0,0,0,0
"LAN1712GEPA2","Felidae","Acinonyx","Gepard",198,485,0,0,0,45216,0,2002,0,0,0,2001,334,0,0,0,0,34,0,0,0,0,0
"LAN1712GNUS1","Bovidae","Connochaetes","Gnu",0,1691,0,214,0,1409,0,28,28,0,224,0,0,0,0,0,0,0,0,0,0,0,0
"LAN1712GNUS2","Bovidae","Connochaetes","Gnu",0,3058,0,633,0,3714,0,41,186,0,72,0,0,0,0,0,0,0,0,0,0,0,0
"LAN1712TIGA1","Felidae","Panthera","Tiger",394,1017,0,0,0,13970,23,1347,0,0,0,3058,0,0,0,0,0,0,0,0,0,0,0
"LAN1811ZEBR1","Equidae","Equus","Bergzebra",0,607,0,91,159,1455,0,0,937,28,16,0,0,0,0,0,0,0,0,0,0,0,0
"LAN1811ZEBR2","Equidae","Equus","Bergzebra",0,2147,0,0,592,2349,0,0,2638,18,0,0,0,0,0,0,0,0,0,0,0,0,0
"LAN1812GEPA1","Felidae","Acinonyx","Gepard",0,389,0,0,0,5468,0,102,0,0,0,1892,0,0,0,0,0,0,0,0,0,0,0
"LAN1812GNUS1","Bovidae","Connochaetes","Gnu",0,4005,0,1134,0,5730,0,47,83,0,677,0,0,0,0,0,0,0,0,0,0,0,0
"LAN1812GNUS2","Bovidae","Connochaetes","Gnu",0,3076,0,547,0,4621,0,0,0,0,49,0,0,0,0,0,0,0,0,0,0,0,0
"LAN1812TIGA2","Felidae","Panthera","Tiger",140,86,0,0,0,25272,0,81,0,0,0,179,0,0,0,0,0,0,0,0,0,0,0
"LAN1911ZEBR1","Equidae","Equus","Bergzebra",0,962,0,117,89,2223,0,0,1377,116,57,0,23,0,0,0,0,0,0,0,0,0,0
"LAN1911ZEBR2","Equidae","Equus","Bergzebra",0,2000,0,19,406,1941,0,0,2298,0,0,0,0,0,0,0,0,0,0,0,0,0,0
"LAN1912GNUS1","Bovidae","Connochaetes","Gnu",0,3120,0,493,0,3819,0,57,149,0,146,0,0,0,0,0,0,0,0,0,0,0,0
"LAN1912GNUS2","Bovidae","Connochaetes","Gnu",0,17805,86,3789,0,27545,0,341,1173,0,958,0,0,0,0,0,40,0,0,0,0,0,0
"LAN1912TIGA1","Felidae","Panthera","Tiger",55,974,0,0,0,21611,0,1145,0,0,0,510,0,0,0,0,0,0,0,0,0,0,0
"LAN2011ZEBR1","Equidae","Equus","Bergzebra",0,189,0,0,50,658,0,0,391,0,0,0,13,0,0,0,0,0,0,0,0,0,0
"LAN2011ZEBR2","Equidae","Equus","Bergzebra",0,1836,0,432,267,3704,0,43,1714,81,0,0,20,0,0,0,0,0,0,0,0,0,0
"LAN2012GNUS1","Bovidae","Connochaetes","Gnu",0,2256,59,281,0,4161,0,43,138,0,204,0,0,0,0,0,0,0,0,0,0,0,0
"LAN2012GNUS2","Bovidae","Connochaetes","Gnu",0,2187,0,317,0,2696,0,38,0,0,193,0,0,0,0,0,0,0,0,0,0,0,0
"LAN2604FENN1","Canidae","Vulpes","Fennek",0,1778,0,0,0,5507,0,43,0,0,0,870,0,0,0,0,0,0,0,0,0,0,0
"LAN2604FENN2","Hippopotamidae","Hippopotamus","Fennek",31,2644,0,0,0,4818,0,698,0,0,0,1848,0,0,0,0,0,0,0,0,0,0,0
"LAN2604GEPA1","Felidae","Acinonyx","Gepard",0,421,0,0,0,305,0,0,0,0,90,0,0,0,0,0,0,0,0,0,0,0,0
"LAN2604GEPA2","Felidae","Acinonyx","Gepard",0,434,0,0,0,1508,113,13,0,0,0,0,0,0,0,0,0,0,0,0,0,0,0
"LAN2604TIGA1","Felidae","Panthera","Tiger",0,2271,0,0,0,1462,0,432,0,0,0,1006,0,0,0,0,0,0,0,0,0,0,0
"LAN2604WALD2","Canidae","Speothos","Waldhund",0,1432,0,0,0,599,0,164,0,0,0,1991,125,0,0,0,0,0,0,0,0,0,0
"LAN2707GNUS1","Bovidae","Connochaetes","Gnu",43,4413,0,1144,0,6905,0,0,331,0,461,0,0,14,0,0,0,0,0,0,0,0,0
"LAN2707GNUS2","Bovidae","Connochaetes","Gnu",0,2166,0,492,0,4496,0,32,92,0,623,0,0,0,0,0,0,0,0,0,0,0,0
"LAN2707GNUS3","Bovidae","Connochaetes","Gnu",15,2497,0,1152,188,5597,51,0,395,0,1014,0,0,46,0,0,12,0,0,0,0,0,0
"LAN2707ZEBR1","Equidae","Equus","Bergzebra",0,3299,60,390,195,7931,42,127,2319,445,219,0,110,0,0,0,0,0,0,0,0,0,0
"LAN2707ZEBR2","Equidae","Equus","Bergzebra",13,3038,0,406,245,5641,0,141,2201,142,551,0,160,0,0,0,0,0,0,0,0,0,0
"LAN2807GNUS1","Bovidae","Connochaetes","Gnu",0,1543,25,659,0,4588,0,32,80,0,317,0,0,0,0,0,0,0,0,0,0,0,0
"LAN2807GNUS2","Bovidae","Connochaetes","Gnu",0,2238,0,863,322,6666,0,0,464,0,904,0,0,19,0,0,0,0,0,0,0,0,0
"LAN2807GNUS3","Bovidae","Connochaetes","Gnu",0,2154,0,675,0,3523,0,0,50,0,172,0,0,0,0,0,0,0,0,0,0,0,0
"LAN2807ZEBR1","Equidae","Equus","Bergzebra",179,3621,84,904,192,8474,87,260,2967,367,349,0,70,66,0,0,0,0,0,0,0,0,0
"LAN2807ZEBR2","Equidae","Equus","Bergzebra",28,760,0,137,117,2636,0,1252,971,0,203,0,0,0,0,0,0,0,0,0,0,0,0
"LAN2907GNUS1","Bovidae","Connochaetes","Gnu",17,3930,33,1287,0,4977,0,61,460,0,640,0,0,0,0,0,29,0,0,0,0,0,0
"LAN2907GNUS2","Bovidae","Connochaetes","Gnu",0,1948,41,637,227,4000,0,0,439,0,1249,0,0,21,0,0,0,0,0,0,0,0,0
"LAN2907GNUS3","Bovidae","Connochaetes","Gnu",0,3088,35,1165,0,4957,44,27,265,0,431,0,0,0,0,0,0,0,0,0,0,0,0
"LAN2907ZEBR1","Equidae","Equus","Bergzebra",0,1916,49,686,226,5733,32,23,2125,157,89,0,0,29,25,0,0,0,0,0,0,0,0
"LAN2907ZEBR2","Equidae","Equus","Bergzebra",0,967,0,229,169,1893,0,0,1344,24,101,0,0,0,0,0,0,0,0,0,0,0,0
"LAN3007GNUS1","Bovidae","Connochaetes","Gnu",0,2869,65,2069,0,4779,41,0,130,0,136,0,0,0,0,0,0,0,0,0,0,0,0
"LAN3007GNUS2","Bovidae","Connochaetes","Gnu",0,2135,31,1868,247,6936,28,16,799,0,481,0,0,17,0,0,0,0,0,0,0,0,0
"LAN3007GNUS3","Bovidae","Connochaetes","Gnu",57,4593,28,1895,0,5801,38,25,434,0,72,0,0,0,11,0,0,0,0,0,0,0,0
"LAN3007ZEBR1","Equidae","Equus","Bergzebra",0,2209,30,1207,77,6830,53,33,2169,195,67,0,0,0,0,0,0,0,0,0,0,0,0
"LAN3007ZEBR2","Equidae","Equus","Bergzebra",66,3900,0,2399,210,11696,17,70,4138,121,203,0,44,0,0,0,0,0,0,0,0,0,0
"LAN3107GNUS1","Bovidae","Connochaetes","Gnu",21,3768,0,1627,0,6719,0,19,395,0,471,0,0,0,0,0,0,0,0,0,0,0,0
"LAN3107GNUS2","Bovidae","Connochaetes","Gnu",0,2689,0,1349,389,7976,0,20,592,0,604,0,0,30,0,0,0,0,0,0,0,0,0
"LAN3107GNUS3","Bovidae","Connochaetes","Gnu",76,6506,81,2011,0,9378,88,73,307,0,875,0,0,0,0,0,0,0,0,0,0,0,0
"LAN3107ZEBR1","Equidae","Equus","Bergzebra",39,4512,0,876,150,8213,148,140,3491,378,287,0,34,47,0,0,0,0,0,0,0,0,0
"LAN3107ZEBR2","Equidae","Equus","Bergzebra",0,3697,0,296,397,6579,0,171,2745,152,394,0,91,0,0,0,0,0,0,0,0,0,0
"LEI2602NASH1","Rhinocerotidae","Diceros","Spitzmaulnashorn",13,2338,76,274,459,3440,16,108,1195,0,0,0,0,0,0,0,0,0,0,0,0,0,0
"LEI2602NASH2","Rhinocerotidae","Diceros","Spitzmaulnashorn",0,1029,24,127,28,985,0,0,318,0,0,0,0,0,0,0,0,0,0,0,0,0,0
"LEI2602OKAP1","Giraffidae","Okapia","Okapi",0,6909,0,397,0,9618,27,153,5841,0,889,0,0,0,96,0,77,0,0,0,0,0,0
"LEI2602OKAP2","Giraffidae","Okapia","Okapi",0,4104,0,327,309,3662,0,68,2469,0,586,0,0,0,0,0,0,0,0,0,0,0,0
"LEI2602ZEBR","Equidae","Equus","Grevyzebra",0,2742,0,11,2122,3349,0,46,5046,12,0,0,23,0,0,0,0,0,0,0,0,0,0
"NEU0405GEPA4","Felidae","Acinonyx","Gepard",0,346,0,0,0,1952,0,430,0,0,0,3217,0,0,0,0,0,0,0,0,0,0,0
"NEU0405GEPA5","Felidae","Acinonyx","Gepard",0,315,0,0,0,196,0,306,0,0,0,1434,108,0,0,0,0,0,0,0,0,0,0
"NEU0405LOEW10","Felidae","Panthera","Loewe",151,663,0,0,0,4316,0,391,0,0,0,3363,0,0,0,0,0,0,0,0,0,0,0
"NEU0405LOEW6","Felidae","Panthera","Loewe",661,327,0,0,0,7673,0,228,0,0,0,1724,0,0,0,0,0,0,0,0,0,0,0
"NEU0405LOEW7","Felidae","Panthera","Loewe",622,243,0,0,0,9697,0,152,0,0,0,784,0,0,0,0,0,0,0,0,0,0,0
"NEU0405LOEW8","Felidae","Panthera","Loewe",600,20,0,0,0,7333,0,397,0,0,0,232,0,0,0,0,0,0,0,0,0,0,0
"NEU0405MAEH4","Canidae","Chrysocyon","Maehnenwolf",0,231,0,0,0,3921,0,1809,0,0,0,946,0,0,0,0,0,0,0,0,0,0,0
"NEU0405MAEH5","Canidae","Chrysocyon","Maehnenwolf",0,1359,0,0,0,4334,0,1283,0,0,0,2520,0,0,0,0,0,0,0,0,0,0,0
"NEU0405PAND1","Ailuridae","Ailurus","Roter_Panda",0,0,0,0,0,8324,0,0,0,0,0,0,653,0,0,0,0,0,0,0,0,0,0
"NEU0405PAND2","Ailuridae","Ailurus","Roter_Panda",0,621,0,0,0,5791,0,32,0,0,0,0,385,0,0,0,0,0,0,0,0,0,0
"NEU0501TRAM1","Camelidae","Camelus","Trampeltier",0,2117,0,44,87,3441,0,48,608,0,818,0,0,0,0,0,0,0,0,0,0,0,0
"NEU0501TRAM2","Camelidae","Camelus","Trampeltier",0,2253,48,380,0,3620,0,331,1573,0,1468,0,0,0,0,0,0,0,0,0,0,0,0
"NEU0501TRAM3","Camelidae","Camelus","Trampeltier",0,2132,0,289,0,3127,0,175,976,0,1302,0,0,0,0,0,0,0,0,0,0,0,0
"NEU0501TRAM4","Camelidae","Camelus","Trampeltier",0,3155,0,60,71,3626,0,57,1034,0,969,0,0,0,0,0,0,0,0,0,23,0,0
"NEU0501TRAM5","Camelidae","Camelus","Trampeltier",0,2071,43,337,0,3269,0,228,755,0,1516,0,0,12,0,0,0,0,0,0,0,0,0
"NEU0501VARI1","Lemuridae","Varecia","Vari",0,4554,0,0,0,15972,0,620,0,0,1638,0,0,0,0,0,0,0,0,0,0,0,0
"NEU0501VARI2","Lemuridae","Varecia","Vari",50,3138,0,0,0,26933,0,420,0,0,512,0,0,0,0,0,0,0,0,0,0,0,0
"NEU0501VARI3","Lemuridae","Varecia","Vari",0,10128,0,0,0,15126,0,716,0,0,2334,0,0,0,0,0,29,0,0,0,0,0,0
"NEU0501VARI4","Lemuridae","Varecia","Vari",0,306,0,0,0,16991,0,1141,0,0,1807,0,0,0,0,0,0,0,0,0,0,0,0
"NEU0501VARI5","Lemuridae","Varecia","Vari",0,5306,0,0,0,8000,0,77,0,0,0,0,0,0,0,0,0,0,0,0,0,0,0
"NEU1507GNUS1","Bovidae","Connochaetes","Gnu",89,2681,0,0,0,2870,0,18,231,0,541,0,0,0,0,0,0,0,0,0,0,0,0
"NEU1507TUSI1","Bovidae","Bos","Watussi",0,4121,0,339,148,3567,0,130,645,0,106,0,0,0,0,0,0,0,0,0,0,0,0
"NEU1507TUSI2","Bovidae","Bos","Watussi",0,5024,0,616,74,5903,0,397,863,0,327,0,0,0,0,0,0,0,0,0,0,0,0
"NEU1507TUSI3","Bovidae","Bos","Watussi",0,6632,0,426,0,3457,0,170,283,0,439,0,0,0,0,0,0,0,0,0,0,0,0
"NEU1507VARI1","Lemuridae","Varecia","Vari",0,6260,0,64,0,1920,0,2295,0,0,2131,0,0,0,0,0,0,0,0,0,0,107,0
"NEU1507VARI2","Lemuridae","Varecia","Vari",0,7425,0,0,0,2484,0,3876,17,0,2854,0,0,0,0,0,0,25,0,0,0,310,0
"NEU1507VARI3","Lemuridae","Varecia","Vari",0,5906,0,151,0,2489,0,265,385,0,2479,0,0,0,72,0,16,0,0,0,0,0,0
"NEU1512TIGA1","Felidae","Panthera","Tiger",0,257,0,0,0,15508,0,120,0,0,0,56,0,0,0,0,0,0,0,0,0,0,0
"NEU1609TUSI1","Bovidae","Bos","Watussi",0,8102,0,487,0,5285,0,159,1280,0,615,0,0,37,0,0,0,0,12,0,0,0,0
"NEU1609TUSI2","Bovidae","Bos","Watussi",0,4461,0,336,41,3146,0,173,674,0,790,0,0,23,0,0,11,0,0,0,0,0,0
"NEU1612TIGA2","Felidae","Panthera","Tiger",878,0,0,0,0,24388,0,118,0,0,0,372,0,0,0,0,0,0,0,0,0,0,0
"NEU1712TIGA1","Felidae","Panthera","Tiger",26,29,0,0,0,16791,0,0,0,0,0,38,0,0,0,0,0,0,0,0,0,0,0
"NEU1712TIGA2","Felidae","Panthera","Tiger",862,2846,0,0,0,20162,0,1204,0,0,12,3521,0,0,0,0,0,0,0,0,0,0,0
"NEU1812TIGA21","Felidae","Panthera","Tiger",236,1269,0,0,0,20478,0,316,0,0,0,668,0,0,0,0,0,0,0,0,0,0,0
"NEU1812TIGA22","Felidae","Panthera","Tiger",610,257,0,0,0,24627,0,142,0,0,0,249,0,0,0,0,0,0,0,0,0,0,0
"NEU1912TIGA1","Felidae","Panthera","Tiger",92,814,0,0,0,15558,0,256,0,0,0,563,0,0,0,0,0,0,0,0,0,0,0
"NEU2012TIGA1","Felidae","Panthera","Tiger",756,1182,0,0,0,23112,0,1355,0,0,104,289,0,0,0,0,0,0,0,0,0,0,0
"NEU2704GEPA1","Felidae","Acinonyx","Gepard",0,0,0,0,0,2246,0,484,0,0,0,4214,0,0,0,0,0,0,0,0,0,0,0
"NEU2704GEPA2","Felidae","Acinonyx","Gepard",0,1475,0,0,0,1637,0,233,0,0,0,3192,0,0,0,0,0,0,0,0,0,0,0
"NEU2704GEPA3","Felidae","Acinonyx","Gepard",0,850,0,0,0,3212,0,832,0,0,0,680,47,0,0,0,0,0,0,0,0,0,0
"NEU2704LOEW1","Felidae","Panthera","Loewe",0,1688,0,0,0,3261,0,1114,0,0,0,4270,0,0,0,0,0,0,0,0,0,0,0
"NEU2704LOEW2","Felidae","Panthera","Loewe",572,3701,0,0,0,6294,0,335,0,0,0,6900,0,0,0,0,0,0,0,0,0,0,0
"NEU2704LOEW3","Felidae","Panthera","Loewe",96,3344,0,0,0,3174,0,479,0,0,0,2368,0,0,0,0,0,0,0,0,0,0,0
"NEU2704LOEW4","Felidae","Panthera","Loewe",154,3993,0,0,0,2759,0,1081,0,0,0,4730,0,0,0,0,0,0,0,0,0,0,0
"NEU2704LOEW5","Felidae","Panthera","Loewe",42,1024,0,0,0,2163,0,384,0,0,0,2510,0,0,0,0,0,0,0,0,0,0,0
"NEU2704LOEW6","Felidae","Panthera","Loewe",685,170,0,0,0,6876,0,336,0,0,0,733,0,0,0,0,0,0,0,0,0,0,0
"NEU2704LOEW9","Felidae","Panthera","Loewe",0,1301,0,0,0,4414,0,673,0,0,0,1954,0,0,0,0,0,0,0,0,0,0,0
"NEU2704MAEH1","Canidae","Chrysocyon","Maehnenwolf",0,52,0,0,0,3419,0,3370,0,0,0,7977,0,0,0,0,0,0,0,0,0,0,0
"NEU2704MAEH2","Canidae","Chrysocyon","Maehnenwolf",64,41,0,0,0,825,34,4562,0,0,26,1035,0,0,0,0,0,51,0,0,0,0,0
"NEU2704MAEH3","Canidae","Chrysocyon","Maehnenwolf",0,1223,0,0,0,621,0,1152,0,0,0,3222,0,0,0,0,0,0,0,0,0,0,0
"NEU2704PAND3","Ailuridae","Ailurus","Roter_Panda",238,141,0,0,0,9158,0,59,0,0,0,0,668,0,0,0,0,0,0,0,0,0,0
"NEU2704TIGA1","Felidae","Panthera","Tiger",0,1640,0,0,0,2439,0,130,0,0,0,2396,0,0,0,0,0,0,0,0,0,0,0
"NKN1008FOSA1","Felidae","Cryptoprocta","Fossa",1335,0,0,0,0,19616,0,671,0,0,0,364,0,0,0,0,0,0,0,0,0,0,0
"NKN1008FOSA2","Felidae","Cryptoprocta","Fossa",968,11,0,0,0,17544,0,5326,0,0,0,590,0,0,0,0,0,0,0,0,0,0,0
"NKN3007FOSA1","Felidae","Cryptoprocta","Fossa",665,132,0,49,0,8516,0,242,0,0,0,3219,0,0,0,0,0,0,0,0,0,0,0
"NKN3007FOSA2","Felidae","Cryptoprocta","Fossa",0,49,0,0,0,10807,0,3427,0,0,0,4041,0,0,0,0,0,0,0,0,0,0,0
"NUR0503ELEN1","Bovidae","Tragelaphus","Elenantilope",0,555,0,0,73,670,0,0,213,0,62,0,0,0,0,0,0,0,0,0,0,0,0
"NUR0503ELEN2","Bovidae","Tragelaphus","Elenantilope",0,569,0,0,52,354,0,38,125,0,44,0,0,0,0,0,0,0,0,0,0,0,0
"NUR0503ELEN3","Bovidae","Tragelaphus","Elenantilope",0,831,0,115,51,412,0,0,159,0,32,0,0,0,0,0,0,0,0,0,0,0,0
"NUR0503ELEN4","Bovidae","Tragelaphus","Elenantilope",0,4513,0,490,244,3811,0,26,1076,0,798,0,0,0,0,0,29,0,0,0,0,0,0
"OPE0603ERDM1","Herpestidae","Suricata","Erdmaennchen",0,8785,0,0,0,7093,0,1585,0,0,0,3887,442,0,0,0,0,0,0,0,0,0,0
"OPE0603ERDM2","Herpestidae","Suricata","Erdmaennchen",0,3295,0,0,0,3580,0,186,0,0,0,826,0,0,0,0,0,0,0,0,0,0,0
"OPE0603ERDM3","Herpestidae","Suricata","Erdmaennchen",0,7991,0,0,0,4855,0,945,0,0,0,2552,145,0,0,0,0,0,0,0,0,0,0
"OPE0802GNUS1","Bovidae","Connochaetes","Gnu",0,1910,0,29,0,2126,0,45,182,0,95,0,0,0,0,0,0,0,0,0,0,0,0
"OPE0802GNUS2","Bovidae","Connochaetes","Gnu",0,981,0,12,0,1500,0,0,0,0,23,0,0,0,0,0,0,0,0,0,0,0,0
"OPE0802ZEBR1","Equidae","Equus","Steppenzebra",0,725,0,92,224,770,41,0,744,29,96,0,0,0,0,0,0,0,0,0,0,0,0
"OPE0902GNUS1","Bovidae","Connochaetes","Gnu",0,1863,0,150,0,3251,0,63,189,0,141,0,0,0,0,0,0,0,0,0,0,0,0
"OPE0902GNUS2","Bovidae","Connochaetes","Gnu",0,11886,82,1611,0,21466,101,254,523,0,4039,0,0,29,0,0,0,0,0,0,0,0,0
"OPE0902ZEBR1","Equidae","Equus","Steppenzebra",0,1121,0,139,217,2036,33,0,810,32,114,0,0,0,0,0,0,0,0,0,0,0,0
"OPE1002GNUS1","Bovidae","Connochaetes","Gnu",0,2069,0,159,0,2762,0,40,340,0,108,0,0,0,0,0,0,0,0,0,0,0,0
"OPE1002GNUS2","Bovidae","Connochaetes","Gnu",0,1255,0,211,0,2279,0,57,0,0,103,0,0,0,0,0,0,0,0,0,0,0,0
"OPE1002ZEBR1","Equidae","Equus","Steppenzebra",0,768,0,61,211,690,19,0,759,17,94,0,0,0,0,0,0,0,0,0,0,0,0
"OPE1102GNUS1","Bovidae","Connochaetes","Gnu",0,1232,0,60,0,1831,0,65,239,0,84,0,0,0,0,0,0,0,0,0,0,0,0
"OPE1102GNUS2","Bovidae","Connochaetes","Gnu",0,1371,0,175,0,2083,0,40,19,0,415,0,0,0,0,0,0,0,0,0,0,0,0
"OPE1102ZEBR1","Equidae","Equus","Steppenzebra",0,679,0,74,239,1465,0,0,577,17,54,0,0,0,0,0,0,0,0,0,0,0,0
"OPE1202GNUS1","Bovidae","Connochaetes","Gnu",0,3446,0,158,0,7067,0,104,644,0,368,0,0,18,0,0,0,0,0,0,0,0,0
"OPE1202GNUS2","Bovidae","Connochaetes","Gnu",0,1491,0,33,0,2456,0,34,44,0,486,0,0,0,0,0,0,0,0,0,0,0,0
"OPE1202ZEBR1","Equidae","Equus","Steppenzebra",0,565,0,67,40,842,0,0,511,0,0,0,0,0,0,0,0,0,0,0,0,0,0
"OPE1302GNUS1","Bovidae","Connochaetes","Gnu",0,1737,0,0,0,2110,19,75,71,0,386,0,0,0,0,0,0,0,0,0,0,0,0
"OPE1302GNUS2","Bovidae","Connochaetes","Gnu",0,2301,0,472,0,3941,0,72,110,0,103,0,0,0,0,0,0,0,0,0,0,0,0
"OPE1302ZEBR1","Equidae","Equus","Steppenzebra",0,768,0,15,62,1034,0,0,481,0,45,0,0,0,0,0,0,0,0,0,0,0,0
"OPE1402GNUS1","Bovidae","Connochaetes","Gnu",0,1888,0,172,0,3199,0,36,375,0,317,0,0,11,0,0,0,0,0,0,0,0,0
"OPE1402GNUS2","Bovidae","Connochaetes","Gnu",0,9068,66,1189,0,15196,66,276,188,0,1572,0,0,0,0,0,0,0,0,0,0,0,0
"OPE1402ZEBR1","Equidae","Equus","Steppenzebra",0,434,0,36,121,872,0,0,287,11,0,0,0,0,0,0,0,0,0,0,0,0,0
"OPE1502GNUS1","Bovidae","Connochaetes","Gnu",0,1236,0,39,0,1915,0,47,252,0,247,0,0,0,0,0,0,0,0,0,0,0,0
"OPE1502GNUS2","Bovidae","Connochaetes","Gnu",0,3496,0,492,0,6165,0,88,151,0,1152,0,0,0,0,0,10,0,0,0,0,0,0
"OPE1502ZEBR1","Equidae","Equus","Steppenzebra",0,438,0,68,99,582,0,0,264,0,0,0,0,0,0,0,0,0,0,0,0,0,0
"OPE1807EISF1","Canidae","Vulpes","Eisfuchs",0,3384,0,0,0,1148,0,1167,0,0,0,1794,0,0,0,0,0,0,0,0,0,0,0
"OPE1807EISF2","Canidae","Vulpes","Eisfuchs",0,2163,0,0,0,1027,0,462,0,0,0,722,24,0,0,0,0,0,0,0,0,0,0
"OPE1807EISF3","Canidae","Vulpes","Eisfuchs",0,2543,0,0,0,386,0,95,0,0,0,1837,0,0,0,0,0,0,0,0,0,0,0
"OPE1807EISF4","Canidae","Vulpes","Eisfuchs",0,2263,0,0,0,590,0,171,0,0,0,946,0,0,0,0,0,0,0,0,0,0,0
"OPE1807EISF5","Canidae","Vulpes","Eisfuchs",0,3580,0,0,0,1702,0,826,0,0,0,1741,0,0,0,0,0,0,0,0,0,0,0
"OPE1807EISF6","Canidae","Vulpes","Eisfuchs",0,3147,0,0,0,912,0,494,0,0,0,1532,0,0,0,0,0,0,0,0,0,0,0
"OPE1807GEPA1","Felidae","Acinonyx","Gepard",0,5552,0,0,0,13721,0,276,0,0,0,8263,1105,0,0,0,0,0,0,0,0,0,0
"OPE1807GEPA2","Felidae","Acinonyx","Gepard",0,712,0,0,0,4978,0,580,0,0,0,2077,21,0,0,0,0,0,0,0,0,0,0
"OPE1807LOEF1","Canidae","Otocyon","Loeffelhund",0,461,0,0,0,5018,0,6403,0,0,0,105,200,0,0,0,0,0,0,0,0,0,0
"OPE1807LOEF2","Canidae","Otocyon","Loeffelhund",0,952,0,0,0,1662,0,2802,0,0,0,366,0,0,0,0,0,0,0,0,0,0,0
"OPE1807LOEF3","Canidae","Otocyon","Loeffelhund",0,4690,0,0,0,1024,0,1062,0,0,0,2894,206,0,0,0,0,0,0,0,0,0,0
"OPE1807PAND1","Ailuridae","Ailurus","Roter_Panda",0,0,0,0,0,6671,0,164,0,0,16,0,0,0,0,0,0,0,0,0,0,0,0
"OPE1807PAND2","Ailuridae","Ailurus","Roter_Panda",0,44,0,0,0,12247,0,0,0,0,0,0,1553,0,0,0,0,0,0,0,0,0,0
"OPE2507EISF10","Canidae","Vulpes","Eisfuchs",0,5657,0,0,0,1271,0,529,0,0,0,2427,0,0,0,0,0,0,0,0,0,0,0
"OPE2507EISF11","Canidae","Vulpes","Eisfuchs",0,987,0,0,0,307,0,21,0,0,0,281,0,0,0,0,0,0,0,0,0,0,0
"OPE2507EISF12","Canidae","Vulpes","Eisfuchs",0,2716,0,0,0,2119,0,338,0,0,0,492,0,0,0,0,0,0,0,0,0,0,0
"OPE2507EISF7","Canidae","Vulpes","Eisfuchs",0,1163,0,0,0,19,0,0,0,0,0,617,0,0,0,0,0,0,0,0,0,0,0
"OPE2507EISF8","Canidae","Vulpes","Eisfuchs",0,733,0,0,0,144,0,26,0,0,0,462,0,0,0,0,0,0,0,0,0,0,0
"OPE2507EISF9","Canidae","Vulpes","Eisfuchs",0,480,0,0,0,83,0,0,0,0,0,49,0,0,0,0,0,0,0,0,0,0,0
"OPE2507GEPA3","Felidae","Acinonyx","Gepard",0,1467,0,0,0,2062,0,5167,0,0,0,2999,21,0,0,0,0,0,0,0,0,0,0
"OPE2507GEPA4","Felidae","Acinonyx","Gepard",0,2023,0,0,0,3564,0,172,0,0,0,1000,49,0,0,0,0,0,0,0,0,0,0
"OPE2507GEPA5","Felidae","Acinonyx","Gepard",0,586,0,0,0,2526,0,1686,0,0,0,2442,0,0,0,0,0,0,0,0,0,0,0
"OPE2507LOEF4","Canidae","Otocyon","Loeffelhund",0,1834,0,0,0,4046,0,857,0,0,0,3246,0,0,0,0,0,0,0,0,0,0,0
"OPE2507LOEF5","Canidae","Otocyon","Loeffelhund",0,2684,0,0,0,577,0,510,0,0,0,2421,554,0,0,0,0,0,0,0,0,0,0
"OPE2507LOEF6","Canidae","Otocyon","Loeffelhund",0,2121,0,0,0,1125,0,597,0,0,0,1161,59,0,0,0,0,0,0,0,0,0,0
"OPE2507PAND3","Ailuridae","Ailurus","Roter_Panda",0,1661,0,0,0,1428,0,3440,0,0,0,0,0,0,0,0,0,0,0,0,0,0,0
"OPE2507PAND4","Ailuridae","Ailurus","Roter_Panda",0,0,0,0,0,19792,0,4355,0,0,0,0,422,0,0,0,0,0,0,0,0,0,0
"OPE2709ELEF1","Elephantidae","Loxodonta","AfrikElefant",0,2832,0,344,252,1082,0,0,1977,0,440,0,0,0,0,0,0,0,0,0,0,0,0
"OPE2709ELEF2","Elephantidae","Loxodonta","AfrikElefant",0,3096,0,191,0,1675,0,0,269,87,235,0,0,0,0,0,29,0,0,0,0,0,0
"OPE2709ELEF3","Elephantidae","Loxodonta","AfrikElefant",0,2840,0,84,0,2335,0,20,574,156,302,0,0,0,0,0,58,0,0,0,0,0,0
"OPE2709GIRA1","Giraffidae","Giraffa","Giraffe",0,3661,0,119,113,4005,0,152,1668,0,139,0,0,0,0,0,0,0,0,0,0,0,0
"OPE2709GIRA2","Giraffidae","Giraffa","Giraffe",0,3286,0,171,51,4280,0,47,1578,0,62,0,0,0,21,0,0,0,0,0,0,0,0
"OPE2709GNUS1","Bovidae","Connochaetes","Gnu",0,1976,0,143,0,1406,0,62,60,0,372,0,0,0,34,0,0,0,0,0,0,0,0
"OPE2709GNUS2","Bovidae","Connochaetes","Gnu",0,692,0,0,0,324,0,27,83,0,99,0,0,0,0,0,0,0,0,0,0,0,0
"OPE2709IMPA1","Bovidae","Aepyceros","Impala",0,1597,0,0,36,1028,0,0,300,0,140,0,0,0,0,0,0,0,0,0,0,0,0
"OPE2709IMPA2","Bovidae","Aepyceros","Impala",0,4316,0,77,88,3484,0,70,429,0,817,0,0,47,0,0,0,0,0,0,0,0,0
"OPE2709TRAM1","Camelidae","Camelus","Trampeltier",0,530,0,94,0,107,0,0,413,0,277,0,0,0,0,0,0,0,0,0,0,0,0
"OPE2709TRAM2","Camelidae","Camelus","Trampeltier",0,1238,0,142,0,725,0,53,537,0,356,0,0,0,0,0,0,0,0,0,0,0,0
"OPE2709ZEBR1","Equidae","Equus","Steppenzebra",0,1448,0,25,565,607,0,0,1474,15,0,0,0,0,0,0,0,0,0,0,0,0,0
"OPE2709ZEBR2","Equidae","Equus","Steppenzebra",0,1054,0,17,160,580,0,0,563,12,86,0,0,0,0,0,0,0,0,0,0,0,0
"OPE2809BERG1","Macropodidae","Osphranter","Bergkaenguru",0,2954,129,244,369,3189,0,0,801,0,190,0,139,0,0,0,0,0,0,0,0,0,0
"OPE2809ELEN1","Bovidae","Tragelaphus","Elenantilope",0,2608,0,0,127,1778,0,80,1390,0,407,0,0,0,0,0,0,0,0,0,0,0,0
"OPE2809ELEN2","Bovidae","Tragelaphus","Elenantilope",0,3168,0,50,0,3586,0,0,356,0,187,0,0,0,0,0,0,0,0,0,0,0,0
"OPE2809RENT1","Cervidae","Rangifer","Rentier",0,4115,0,0,0,4040,0,0,88,0,154,0,0,0,0,0,0,0,0,0,0,0,0
"OPE2809RENT2","Cervidae","Rangifer","Rentier",0,5117,0,61,0,6394,0,0,351,0,171,0,0,0,44,0,0,0,0,0,0,0,0
"OPE2809RIES1","Macropodidae","Osphranter","Riesenkaenguru",0,3344,0,0,0,2207,0,113,651,0,25,0,0,0,0,0,18,0,0,0,0,0,0
"OPE2809RIES2","Macropodidae","Osphranter","Riesenkaenguru",0,5755,0,56,0,4395,0,350,921,0,21,0,21,0,0,0,19,0,0,0,0,0,0
"SCH1211BAER1","Ursidae","Ursus","Braunbaer",0,0,0,0,0,18364,0,3448,0,0,0,4787,0,0,0,0,0,0,0,0,0,0,0
"SCH1211BAER2","Ursidae","Ursus","Braunbaer",0,0,0,0,0,20586,0,694,0,0,0,437,0,0,0,0,0,0,0,0,0,0,0
"SCH1311BAER1","Ursidae","Ursus","Braunbaer",0,0,0,0,0,18888,0,2661,0,0,0,624,0,0,0,0,0,0,0,0,0,0,0
"SCH1311BAER2","Ursidae","Ursus","Braunbaer",0,16,0,0,0,9873,0,1012,0,0,0,256,0,0,0,0,0,0,0,0,0,0,0
"SCH1411BAER1","Ursidae","Ursus","Braunbaer",0,25,0,0,0,9510,10,929,0,0,0,11587,0,0,0,0,0,0,0,0,0,0,0
"SCH1411BAER2","Ursidae","Ursus","Braunbaer",0,0,0,0,0,5603,0,1731,0,0,0,5370,0,0,0,0,0,0,0,0,0,0,0
"SCH1511BAER1","Ursidae","Ursus","Braunbaer",0,73,0,0,0,9521,0,2944,0,0,0,9986,0,0,0,0,0,0,0,0,0,0,0
"SCH1511BAER2","Ursidae","Ursus","Braunbaer",0,0,0,0,0,8922,0,4780,0,0,0,3285,0,0,0,0,0,0,0,0,0,0,0
"SCH1611BAER1","Ursidae","Ursus","Braunbaer",952,271,0,0,0,13205,0,4310,0,0,0,3079,0,0,0,0,0,0,0,0,0,0,0
"SCH1611BAER2","Ursidae","Ursus","Braunbaer",0,0,0,0,0,40879,0,2618,0,0,0,973,0,0,0,0,0,0,0,0,0,0,0
"SCH1711BAER1","Ursidae","Ursus","Braunbaer",0,2900,0,0,0,7651,0,1633,0,0,0,12238,36,0,0,0,0,0,0,0,0,0,0
"SCH1711BAER2","Ursidae","Ursus","Braunbaer",0,0,0,0,0,15539,0,1999,0,0,0,509,0,0,0,0,0,0,0,0,0,0,0
"SCH1811BAER1","Ursidae","Ursus","Braunbaer",0,1329,0,0,0,35590,0,4045,0,0,0,21988,0,0,0,0,0,0,0,0,0,0,0
"SCH1811BAER2","Ursidae","Ursus","Braunbaer",0,0,0,0,0,11821,0,2242,0,0,0,5866,0,0,0,0,0,0,0,0,0,0,0
"SCH1911BAER1","Ursidae","Ursus","Braunbaer",211,283,0,0,0,10556,0,876,0,0,0,3533,0,0,0,0,0,0,0,0,0,0,0
"SCH1911BAER2","Ursidae","Ursus","Braunbaer",0,98,0,0,0,15482,0,6071,0,0,0,2591,834,0,0,0,0,0,0,0,0,0,0
"SCH2505BAER1","Ursidae","Ursus","Braunbaer",1513,392,0,0,0,9137,0,4029,0,0,0,0,0,0,0,0,0,0,0,0,0,0,0
"SCH2505BAER2","Ursidae","Ursus","Braunbaer",0,0,0,0,0,10211,0,1218,0,0,0,0,0,0,0,0,0,0,0,0,0,0,0
"SCH2605BAER1","Ursidae","Ursus","Braunbaer",0,0,0,0,0,8775,0,0,0,0,0,0,0,0,0,0,0,0,0,0,0,0,0
"SCH2605BAER2","Ursidae","Ursus","Braunbaer",30,0,0,0,0,16132,0,246,0,0,0,0,0,0,0,0,0,0,0,0,0,0,0
"SCH2705BAER1","Ursidae","Ursus","Braunbaer",71,0,0,0,0,15446,0,1087,0,0,0,0,0,0,0,0,0,0,0,0,0,0,0
"SCH2705BAER2","Ursidae","Ursus","Braunbaer",0,0,0,0,0,10360,0,979,0,0,0,0,0,0,0,0,0,0,0,0,0,0,0
"SCH2805BAER1","Ursidae","Ursus","Braunbaer",0,0,0,0,0,7804,0,434,0,0,0,0,0,0,0,0,0,0,0,0,0,0,0
"SCH2805BAER2","Ursidae","Ursus","Braunbaer",0,0,0,0,0,11378,0,3131,0,0,0,0,0,0,0,0,0,0,0,0,0,0,0
"SCH2805ERDM1","Herpestidae","Suricata","Erdmaennchen",18,3624,0,0,0,11477,0,806,0,0,0,1468,35,0,0,0,0,0,0,0,0,0,0
"SCH2805ERDM2","Herpestidae","Suricata","Erdmaennchen",0,16,0,0,0,7383,0,22,0,0,0,217,0,0,0,0,0,0,0,0,0,0,0
"SCH2805ERDM3","Herpestidae","Suricata","Erdmaennchen",0,2222,0,0,0,3687,0,227,0,0,0,1265,83,0,0,0,0,0,0,0,0,0,0
"SCH2905BAER1","Ursidae","Ursus","Braunbaer",0,0,0,0,0,4154,0,142,0,0,0,0,0,0,0,0,0,0,0,0,0,0,0
"SCH2905BAER2","Ursidae","Ursus","Braunbaer",0,0,0,0,0,6570,0,199,0,0,0,0,0,0,0,0,0,0,0,0,0,0,0
"SCH2905NASH1","Rhinocerotidae","Ceratotherium","Breitmaulnashorn",16,2764,188,319,142,4432,73,0,996,0,44,0,0,17,0,0,0,0,0,0,0,0,0
"SCH2905NASH2","Rhinocerotidae","Ceratotherium","Breitmaulnashorn",0,1743,54,410,50,2671,51,0,381,0,0,0,0,0,0,0,0,0,0,0,0,0,0
"STU2006GEPA1","Felidae","Acinonyx","Gepard",0,2227,0,0,0,3063,0,2670,0,0,0,4473,21,0,0,0,0,0,0,0,0,0,0
"STU2006LEOP1","Felidae","Panthera","Leopard",0,18,0,0,0,2401,0,7042,0,0,0,0,0,0,0,0,0,0,0,0,0,0,0
"STU2006LOEW1","Felidae","Panthera","Loewe",0,1723,0,0,0,524,0,3226,0,0,0,1445,0,0,0,0,0,0,0,0,0,0,0
"STU2006LOEW2","Felidae","Panthera","Loewe",16,3551,0,0,0,1672,0,657,0,0,0,2400,0,0,0,0,0,0,0,0,0,0,0
"STU2006TIGA1","Felidae","Panthera","Tiger",0,1434,0,0,0,2026,0,578,0,0,0,2440,0,0,0,0,0,0,0,0,0,0,0
"STU2006WALD1","Canidae","Speothos","Waldhund",0,1211,0,0,0,808,0,338,0,0,0,2719,0,0,0,0,0,0,0,0,0,0,0
"STU2006WALD2","Canidae","Speothos","Waldhund",0,1846,0,0,0,1374,0,615,0,0,0,2743,21,0,0,0,0,0,0,0,0,0,0
"STU2706GEPA2","Felidae","Acinonyx","Gepard",0,1015,0,0,0,778,0,528,0,0,0,2535,1420,0,0,0,0,0,0,0,0,0,0
"STU2706GEPA3","Felidae","Acinonyx","Gepard",0,3928,0,0,0,1833,0,1028,0,0,0,3458,0,0,0,0,0,0,0,0,0,0,0
"STU2706LOEW3","Felidae","Panthera","Loewe",0,1717,0,0,0,1898,0,1316,0,0,0,985,0,0,0,0,0,0,0,0,0,0,0
"STU2706LOEW4","Felidae","Panthera","Loewe",12,3644,0,0,0,5013,0,103,0,0,0,2169,0,0,0,0,0,0,0,0,0,0,0
"STU2706TIGA2","Felidae","Panthera","Tiger",0,6322,0,0,0,3261,0,1438,0,0,0,3459,0,0,0,0,0,0,0,0,0,0,0
"STU2706WALD3","Canidae","Speothos","Waldhund",0,0,0,0,0,3015,0,4713,0,0,0,133,0,0,0,0,0,0,0,0,0,0,0
"STU2706WALD4","Canidae","Speothos","Waldhund",0,536,0,0,0,1536,0,160,0,0,0,2458,0,0,0,0,0,0,0,0,0,0,0
"WUP0506GEPA1","Felidae","Acinonyx","Gepard",0,767,0,0,0,419,0,93,0,0,0,2079,0,0,0,0,0,0,0,0,0,0,0
"WUP0506LOEW1","Felidae","Panthera","Loewe",171,1707,0,0,0,4243,0,3128,0,0,0,3064,0,0,0,0,0,0,0,0,0,0,0
"WUP0506NEBE1","Felidae","Panthera","Nebelparder",0,2896,0,0,0,3459,0,726,0,0,0,1540,195,0,0,0,0,0,0,0,0,0,0
"WUP0506NEBE2","Felidae","Panthera","Nebelparder",0,2703,0,0,0,3055,0,144,0,0,0,963,248,0,0,0,0,0,0,0,0,0,0
"WUP0506NEBE3","Felidae","Panthera","Nebelparder",0,706,0,0,0,3524,0,1394,0,0,0,2091,0,0,0,0,0,0,0,0,0,0,0
"WUP0506PAND1","Ailuridae","Ailurus","Roter_Panda",0,82,0,0,0,2941,0,956,0,0,0,0,0,0,0,0,0,0,0,0,0,0,0
"WUP0506PAND2","Ailuridae","Ailurus","Roter_Panda",0,0,0,0,0,719,0,1381,0,0,0,0,0,0,0,0,0,0,0,0,0,0,0
"WUP0506SEEL1","Felidae","Panthera","Schneeleopard",44,1364,0,0,0,4243,0,216,0,0,0,2175,51,0,0,0,0,0,0,0,0,0,0
"WUP0506SEEL2","Felidae","Panthera","Schneeleopard",0,28,0,0,0,5826,0,1233,0,0,0,128,111,0,0,0,0,0,0,0,0,0,0
"WUP0506SEEL3","Felidae","Panthera","Schneeleopard",355,2412,0,0,0,4122,0,901,0,0,0,3438,932,0,0,0,0,0,0,0,0,0,0
"WUP0506SEEL4","Felidae","Panthera","Schneeleopard",0,0,0,0,0,3902,0,1388,0,0,0,3042,0,0,0,0,0,0,0,0,0,0,0
"WUP0506SEEL5","Felidae","Panthera","Schneeleopard",78,61,0,0,0,3957,0,81,0,0,0,2578,0,0,0,0,0,0,0,0,0,0,0
"WUP0506SEEL6","Felidae","Panthera","Schneeleopard",43,87,0,0,0,3709,0,886,0,0,0,3873,0,0,0,0,0,0,0,0,0,0,0
"WUP0506TIGA1","Felidae","Panthera","Tiger",0,1406,0,0,0,828,0,1379,0,0,0,1030,0,0,0,0,0,0,0,0,0,0,0
"WUP1206GEPA2","Felidae","Acinonyx","Gepard",0,397,0,13,0,7816,0,974,0,0,0,3093,0,0,0,0,0,0,0,0,0,0,0
"WUP1206LEOP2","Felidae","Panthera","Leopard",0,1712,0,0,0,657,0,2423,0,0,0,1469,0,0,0,0,0,0,0,0,0,0,0
"WUP1206LEOP3","Felidae","Panthera","Leopard",113,395,0,0,0,5134,0,420,0,0,0,186,0,0,0,0,0,0,0,0,0,0,34
"WUP1206LOEW2","Felidae","Panthera","Loewe",0,34,0,0,0,478,0,5471,0,0,0,0,0,0,0,0,0,0,0,0,0,0,0
"WUP1206NEBE4","Felidae","Panthera","Nebelparder",0,102,0,0,0,3425,0,770,0,0,0,46,85,0,0,0,0,0,0,0,0,0,0
"WUP1206PAND3","Ailuridae","Ailurus","Roter_Panda",0,474,0,0,0,6558,0,5393,0,0,0,0,0,0,0,0,0,0,0,0,0,0,0
"WUP1206PAND4","Ailuridae","Ailurus","Roter_Panda",0,702,0,0,0,1039,0,4464,0,0,0,0,0,0,0,0,0,0,0,0,0,0,0
"WUP1206SEEL10","Felidae","Panthera","Schneeleopard",962,0,0,17,0,10196,0,114,0,0,0,0,0,0,0,0,0,0,0,0,0,0,0
"WUP1206SEEL7","Felidae","Panthera","Schneeleopard",141,1589,0,0,0,6974,0,184,0,0,0,2828,0,0,0,0,0,0,0,0,0,0,0
"WUP1206SEEL8","Felidae","Panthera","Schneeleopard",118,1571,0,0,0,5146,0,495,0,0,0,10119,1696,0,0,0,0,0,0,0,0,0,0
"WUP1206SEEL9","Felidae","Panthera","Schneeleopard",623,1793,0,68,0,5449,0,439,0,0,0,4292,450,0,0,0,0,0,0,0,0,0,0
"WUP1206TIGA2","Felidae","Panthera","Tiger",0,81,0,0,0,6914,0,364,0,0,0,0,0,0,0,0,0,0,0,0,0,0,0
"WUP1507BONG1","Bovidae","Tragelaphus","Bongo",0,8009,0,477,0,7221,135,72,1963,0,1948,0,0,20,0,0,0,0,0,0,0,0,0
"WUP1507BONG2","Bovidae","Tragelaphus","Bongo",0,8077,0,300,0,4618,0,202,877,0,154,0,0,0,0,0,0,0,0,0,0,0,0
"WUP1507BONG3","Bovidae","Tragelaphus","Bongo",0,8851,0,139,0,4169,35,339,811,0,60,0,0,0,0,0,0,0,0,0,0,0,0
"WUP1507OKAP1","Giraffidae","Okapia","Okapi",0,3980,0,202,157,2778,34,27,1767,0,0,0,0,0,0,0,0,0,0,0,0,0,0
"WUP1507OKAP2","Giraffidae","Okapia","Okapi",0,9535,0,1046,0,11092,0,1479,1665,0,1317,0,313,0,0,0,37,0,0,0,0,0,0
"WUP1507OKAP3","Giraffidae","Okapia","Okapi",0,3828,0,422,0,4958,0,917,881,0,196,0,35,0,0,0,27,0,0,0,0,0,0
"WUP1507OKAP4","Giraffidae","Okapia","Okapi",0,6112,0,399,251,3662,0,55,1207,0,214,0,80,0,0,0,0,0,0,0,0,0,0
"WUP1507OKAP5","Giraffidae","Okapia","Okapi",0,4683,0,369,0,2652,0,424,473,0,453,0,55,0,19,0,0,0,0,0,0,0,0
"WUP1507ZEBR1","Equidae","Equus","Steppenzebra",0,3361,0,67,477,4082,0,327,2374,0,0,0,0,0,0,0,0,0,0,0,0,0,0
"WUP1507ZEBR2","Equidae","Equus","Steppenzebra",0,4198,0,130,772,3822,0,16,2366,0,0,0,0,0,0,0,0,0,0,0,0,0,0
"WUP1507ZEBR3","Equidae","Equus","Steppenzebra",0,3592,0,65,643,3678,0,587,2742,0,69,0,0,0,0,0,0,0,0,0,0,0,0
"WUP2301EBER1","Suidae","Babyrousa","Hirscheber",52,9075,0,384,122,28934,0,136,1845,0,99,0,0,73,362,0,0,0,0,0,0,0,0
"WUP2301EBER2","Suidae","Babyrousa","Hirscheber",432,699,0,725,0,15441,0,4365,1136,0,403,0,0,19,0,0,0,0,0,0,0,0,0
"WUP2301EBER3","Suidae","Babyrousa","Hirscheber",0,2323,0,251,0,12734,0,0,1381,0,53,0,0,0,17,0,0,0,0,0,0,0,0
"WUP2301EBER4","Suidae","Babyrousa","Hirscheber",0,1115,0,545,0,7725,0,0,630,0,353,0,0,181,0,0,0,0,0,0,0,0,0
"WUP2301EBER5","Suidae","Babyrousa","Hirscheber",0,2296,0,313,0,10493,0,0,1885,0,142,0,0,41,0,0,0,0,0,0,0,0,0
"WUP2301ELEF1","Elephantidae","Loxodonta","AfrikElefant",20,6056,27,525,273,5279,0,0,1816,368,62,0,0,0,0,0,0,0,20,0,0,0,0
"WUP2301ELEF2","Elephantidae","Loxodonta","AfrikElefant",0,5398,30,454,65,6581,0,0,3460,290,0,0,0,0,0,0,0,0,23,0,0,0,0
"WUP2301ELEF3","Elephantidae","Loxodonta","AfrikElefant",0,3884,60,199,0,3877,0,16,1839,121,0,0,0,0,18,0,0,0,10,0,0,0,0
"WUP2301ELEF4","Elephantidae","Loxodonta","AfrikElefant",51,6352,89,405,0,7563,0,50,3712,168,120,0,0,0,0,0,0,0,0,0,0,0,0
"WUP2301ELEF5","Elephantidae","Loxodonta","AfrikElefant",23,5130,183,1098,146,4897,0,88,2589,918,244,0,0,103,0,0,0,0,71,0,0,0,0
"WUP2501GORI1","Homininae","Gorilla","Gorilla",181,1268,0,709,33,4595,0,199,208,0,0,0,0,37,0,0,0,0,0,0,0,0,0
"WUP2501GORI2","Homininae","Gorilla","Gorilla",367,1828,0,1665,0,6863,36,448,0,35,86,0,0,91,0,0,0,0,0,0,0,0,0
"WUP2501VARI1","Lemuridae","Varecia","Vari",131,10595,0,0,0,12127,0,515,0,0,0,0,0,0,0,0,222,0,0,0,0,0,0
"WUP2501VARI2","Lemuridae","Varecia","Vari",117,10989,0,0,0,14006,0,2902,130,0,337,0,0,0,0,0,221,0,0,0,0,0,0
"WUP2501VARI3","Lemuridae","Varecia","Vari",308,14539,0,0,0,11393,0,278,0,0,0,0,0,0,0,0,0,0,0,0,0,0,0
